{
    "mouseevents-events": null,
    "demographics-turk_id": "\"0\"",
    "demographics-assignment_id": "\"ASSIGNMENT_ID_NOT_AVAILABLE\"",
    "demographics-age": "\"17\"",
    "demographics-gender": "\"F\"",
    "demographics-computer_experience": "\"2\"",
    "demographics-investment_experience": "\"2\"",
    "demographics-interfaceName": "\"no_sa\"",
    "pretest-pretest": "\"2\"",
    "pretest-turk_id": "\"0\"",
    "pretest-step": "\"\"",
    "pretest-exp_return": "\"150.08853192100003\"",
    "pretest-exp_risk": "\"49.05418826058876\"",
    "pretest-starting_cash": "\"10000\"",
    "pretest-a1": "\"54.26591\"",
    "pretest-a2": "\"2482.266\"",
    "pretest-a3": "\"1530.7153\"",
    "pretest-a4": "\"1907.8152\"",
    "pretest-a5": "\"4024.937\"",
    "pretest-remaining_cash": "\"0\"",
    "timing-1-turkId": "\"0\"",
    "timing-1-step": "\"1\"",
    "timing-1-totalTime": "190267",
    "portfolio-1-turk_id": "\"0\"",
    "portfolio-1-step": "\"1\"",
    "portfolio-1-exp_return": "\"144.60000000000002\"",
    "portfolio-1-exp_risk": "\"42.65731365448\"",
    "portfolio-1-starting_cash": "\"10000\"",
    "portfolio-1-a1": "\"2700\"",
    "portfolio-1-a2": "\"2400\"",
    "portfolio-1-a3": "\"1300\"",
    "portfolio-1-a4": "\"1900\"",
    "portfolio-1-a5": "\"1700\"",
    "portfolio-1-remaining_cash": "\"0\"",
    "portfolio-1-stockReturns": "[{\"investment\":2700,\"return\":37.16428362655514},{\"investment\":2400,\"return\":37.32712382036115},{\"investment\":1300,\"return\":19.478454572265278},{\"investment\":1900,\"return\":30.950662309148892},{\"investment\":1700,\"return\":47.221812324109614}]",
    "portfolio-1-startingCash": "10000",
    "portfolio-1-remainingCash": "10172.14233665244",
    "timing-2-turkId": "\"0\"",
    "timing-2-step": "\"2\"",
    "timing-2-totalTime": "92106",
    "portfolio-2-turk_id": "\"0\"",
    "portfolio-2-step": "\"2\"",
    "portfolio-2-exp_return": "\"151.35936000000004\"",
    "portfolio-2-exp_risk": "\"48.429851668225886\"",
    "portfolio-2-starting_cash": "\"10172\"",
    "portfolio-2-a1": "\"712.0400000000009\"",
    "portfolio-2-a2": "\"1830.96\"",
    "portfolio-2-a3": "\"915.48\"",
    "portfolio-2-a4": "\"2746.44\"",
    "portfolio-2-a5": "\"3967.08\"",
    "portfolio-2-remaining_cash": "\"0\"",
    "portfolio-2-stockReturns": "[{\"investment\":712.0400000000009,\"return\":10.269793386575557},{\"investment\":1830.96,\"return\":33.31903562550115},{\"investment\":915.48,\"return\":5.356948045429751},{\"investment\":2746.44,\"return\":42.19267903790726},{\"investment\":3967.08,\"return\":71.25914176134297}]",
    "portfolio-2-startingCash": "10172",
    "portfolio-2-remainingCash": "10334.397597856756",
    "timing-3-turkId": "\"0\"",
    "timing-3-step": "\"3\"",
    "timing-3-totalTime": "70199",
    "portfolio-3-turk_id": "\"0\"",
    "portfolio-3-step": "\"3\"",
    "portfolio-3-exp_return": "\"151.08308000000002\"",
    "portfolio-3-exp_risk": "\"45.92409417111028\"",
    "portfolio-3-starting_cash": "\"10334\"",
    "portfolio-3-a1": "\"620.04\"",
    "portfolio-3-a2": "\"1136.74\"",
    "portfolio-3-a3": "\"1033.4\"",
    "portfolio-3-a4": "\"4236.94\"",
    "portfolio-3-a5": "\"3306.88\"",
    "portfolio-3-remaining_cash": "\"0\"",
    "portfolio-3-stockReturns": "[{\"investment\":620.04,\"return\":2.0872594028524287},{\"investment\":1136.74,\"return\":17.167827828136456},{\"investment\":1033.4,\"return\":11.450853287279745},{\"investment\":4236.94,\"return\":45.40841248394121},{\"investment\":3306.88,\"return\":40.38658221591015}]",
    "portfolio-3-startingCash": "10334",
    "portfolio-3-remainingCash": "10450.50093521812",
    "timing-4-turkId": "\"0\"",
    "timing-4-step": "\"4\"",
    "timing-4-totalTime": "60981",
    "portfolio-4-turk_id": "\"0\"",
    "portfolio-4-step": "\"4\"",
    "portfolio-4-exp_return": "\"150.149517\"",
    "portfolio-4-exp_risk": "\"42.21579312765776\"",
    "portfolio-4-starting_cash": "\"10451\"",
    "portfolio-4-a1": "\"1985.69\"",
    "portfolio-4-a2": "\"3762.36\"",
    "portfolio-4-a3": "\"1254.119999999999\"",
    "portfolio-4-a4": "\"2090.2\"",
    "portfolio-4-a5": "\"1358.63\"",
    "portfolio-4-remaining_cash": "\"0\"",
    "portfolio-4-stockReturns": "[{\"investment\":1985.69,\"return\":26.703918411415603},{\"investment\":3762.36,\"return\":43.48185064983344},{\"investment\":1254.119999999999,\"return\":17.61746377145731},{\"investment\":2090.2,\"return\":37.735420506879805},{\"investment\":1358.63,\"return\":25.983343039085952}]",
    "portfolio-4-startingCash": "10451",
    "portfolio-4-remainingCash": "10602.521996378671",
    "timing-5-turkId": "\"0\"",
    "timing-5-step": "\"5\"",
    "timing-5-totalTime": "57344",
    "portfolio-5-turk_id": "\"0\"",
    "portfolio-5-step": "\"5\"",
    "portfolio-5-exp_return": "\"154.771991\"",
    "portfolio-5-exp_risk": "\"45.23843561111199\"",
    "portfolio-5-starting_cash": "\"10603\"",
    "portfolio-5-a1": "\"742.21\"",
    "portfolio-5-a2": "\"3817.08\"",
    "portfolio-5-a3": "\"2120.6\"",
    "portfolio-5-a4": "\"1802.51\"",
    "portfolio-5-a5": "\"2120.6\"",
    "portfolio-5-remaining_cash": "\"0\"",
    "portfolio-5-stockReturns": "[{\"investment\":742.21,\"return\":14.070519816087959},{\"investment\":3817.08,\"return\":37.9439919239502},{\"investment\":2120.6,\"return\":30.216463365928302},{\"investment\":1802.51,\"return\":29.462067925722674},{\"investment\":2120.6,\"return\":24.679258742106892}]",
    "portfolio-5-startingCash": "10603",
    "portfolio-5-remainingCash": "10739.372301773795",
    "qualification-turk_id": "\"0\"",
    "qualification-q1": "\"5\"",
    "qualification-q3": "\"2\"",
    "qualification-q4": "\"3\"",
    "confidence-turk_id": "\"0\"",
    "confidence-q1": "\"5\"",
    "confidence-q2": "\"5\"",
    "confidence-q3": "\"4\"",
    "confidence-q4": "\"6\"",
    "confidence-q5": "\"3\"",
    "financial_literacy-turk_id": "\"0\"",
    "financial_literacy-q1": "\"4\"",
    "financial_literacy-q2": "\"5\"",
    "financial_literacy-q3": "\"3\"",
    "financial_literacy-q4": "\"4\"",
    "financial_literacy-q5": "\"1\"",
    "financial_literacy-q6": "\"5\"",
    "financial_literacy-q7": "\"3\"",
    "financial_literacy-q8": "\"6\"",
    "financial_literacy-q9": "\"6\"",
    "financial_literacy-q10": "\"3\"",
    "need_for_cognition-turk_id": "\"0\"",
    "need_for_cognition-q1": "\"-1\"",
    "need_for_cognition-q2": "\"-1\"",
    "need_for_cognition-q3": "\"-3\"",
    "need_for_cognition-q4": "\"-2\"",
    "need_for_cognition-q5": "\"-1\"",
    "need_for_cognition-q6": "\"0\"",
    "need_for_cognition-q7": "\"-3\"",
    "need_for_cognition-q8": "\"-1\"",
    "need_for_cognition-q9": "\"2\"",
    "need_for_cognition-q10": "\"0\"",
    "need_for_cognition-q11": "\"2\"",
    "need_for_cognition-q12": "\"-2\"",
    "need_for_cognition-q13": "\"2\"",
    "need_for_cognition-q14": "\"0\"",
    "need_for_cognition-q15": "\"0\"",
    "need_for_cognition-q16": "\"1\"",
    "need_for_cognition-q17": "\"-3\"",
    "need_for_cognition-q18": "\"-1\"",
    "feedback-turk_id": "\"0\"",
    "feedback-comments": "\"\"",
    "workerId": "0",
    "assignmentId": "ASSIGNMENT_ID_NOT_AVAILABLE"
}