{
    "mouseevents-events": "[{\"turkId\":0,\"step\":\"1\",\"events\":[{\"x\":490,\"y\":634,\"event_type\":\"mousedown\",\"time\":970778.395,\"button\":1,\"target\":\"[id=\\\"portfolio-selection\\\"]>div:nth-child(1)>div>div:nth-child(1)>div:nth-child(10)>div>button\"},{\"x\":490,\"y\":634,\"event_type\":\"mouseup\",\"time\":970870.385,\"button\":1,\"target\":\"[id=\\\"portfolio-selection\\\"]>div:nth-child(1)>div>div:nth-child(1)>div:nth-child(10)>div>button\"}]},{\"turkId\":0,\"step\":\"1\",\"events\":[{\"x\":490,\"y\":634,\"event_type\":\"click\",\"time\":970870.385,\"button\":1,\"target\":\"[id=\\\"portfolio-selection\\\"]>div:nth-child(1)>div>div:nth-child(1)>div:nth-child(10)>div>button\"}]},{\"turkId\":0,\"step\":\"1\",\"events\":[{\"x\":502,\"y\":650,\"event_type\":\"mousedown\",\"time\":972498.2900000002,\"button\":1,\"target\":\"[id=\\\"portfolio-selection\\\"]>div:nth-child(1)>div>div:nth-child(1)>div:nth-child(10)>div>button\"},{\"x\":502,\"y\":650,\"event_type\":\"mouseup\",\"time\":972601.2300000001,\"button\":1,\"target\":\"[id=\\\"portfolio-selection\\\"]>div:nth-child(1)>div>div:nth-child(1)>div:nth-child(10)>div>button\"}]},{\"turkId\":0,\"step\":\"1\",\"events\":[{\"x\":502,\"y\":650,\"event_type\":\"click\",\"time\":972601.2300000001,\"button\":1,\"target\":\"[id=\\\"portfolio-selection\\\"]>div:nth-child(1)>div>div:nth-child(1)>div:nth-child(10)>div>button\"}]},{\"turkId\":0,\"step\":\"1\",\"events\":[{\"x\":913,\"y\":358,\"event_type\":\"mousedown\",\"time\":973298.29,\"button\":1,\"target\":\"[id=\\\"portfolio-selection\\\"]>div:nth-child(1)>div>div:nth-child(1)>div:nth-child(2)>div:nth-child(2)>input\"},{\"x\":913,\"y\":358,\"event_type\":\"mouseup\",\"time\":973510.2450000001,\"button\":1,\"target\":\"[id=\\\"portfolio-selection\\\"]>div:nth-child(1)>div>div:nth-child(1)>div:nth-child(2)>div:nth-child(2)>input\"}]},{\"turkId\":0,\"step\":\"1\",\"events\":[{\"x\":913,\"y\":358,\"event_type\":\"click\",\"time\":973510.2450000001,\"button\":1,\"target\":\"[id=\\\"portfolio-selection\\\"]>div:nth-child(1)>div>div:nth-child(1)>div:nth-child(2)>div:nth-child(2)>input\"}]},{\"turkId\":0,\"step\":\"1\",\"events\":[{\"x\":913,\"y\":358,\"event_type\":\"mousedown\",\"time\":973791.3300000001,\"button\":1,\"target\":\"[id=\\\"portfolio-selection\\\"]>div:nth-child(1)>div>div:nth-child(1)>div:nth-child(2)>div:nth-child(2)>input\"},{\"x\":913,\"y\":358,\"event_type\":\"mouseup\",\"time\":973899.2650000001,\"button\":1,\"target\":\"[id=\\\"portfolio-selection\\\"]>div:nth-child(1)>div>div:nth-child(1)>div:nth-child(2)>div:nth-child(2)>input\"}]},{\"turkId\":0,\"step\":\"1\",\"events\":[{\"x\":913,\"y\":358,\"event_type\":\"click\",\"time\":973899.2650000001,\"button\":1,\"target\":\"[id=\\\"portfolio-selection\\\"]>div:nth-child(1)>div>div:nth-child(1)>div:nth-child(2)>div:nth-child(2)>input\"}]},{\"turkId\":0,\"step\":\"1\",\"events\":[{\"x\":913,\"y\":358,\"event_type\":\"dblclick\",\"time\":973901.4700000001,\"button\":1,\"target\":\"[id=\\\"portfolio-selection\\\"]>div:nth-child(1)>div>div:nth-child(1)>div:nth-child(2)>div:nth-child(2)>input\"}]},{\"turkId\":0,\"step\":\"1\",\"events\":[{\"x\":912,\"y\":461,\"event_type\":\"mousedown\",\"time\":975334.3350000001,\"button\":1,\"target\":\"[id=\\\"portfolio-selection\\\"]>div:nth-child(1)>div>div:nth-child(1)>div:nth-child(5)>div:nth-child(2)\"},{\"x\":911,\"y\":463,\"event_type\":\"mousedirchange\",\"time\":975524.1750000002,\"button\":1,\"target\":\"[id=\\\"portfolio-selection\\\"]>div:nth-child(1)>div>div:nth-child(1)>div:nth-child(5)>div:nth-child(2)\"},{\"x\":909,\"y\":465,\"event_type\":\"mousedirchange\",\"time\":975533.1450000001,\"button\":1,\"target\":\"[id=\\\"portfolio-selection\\\"]>div:nth-child(1)>div>div:nth-child(1)>div:nth-child(5)>div:nth-child(2)\"},{\"x\":906,\"y\":467,\"event_type\":\"mousedirchange\",\"time\":975547.1400000001,\"button\":1,\"target\":\"[id=\\\"portfolio-selection\\\"]>div:nth-child(1)>div>div:nth-child(1)>div:nth-child(6)>div:nth-child(2)\"},{\"x\":906,\"y\":468,\"event_type\":\"mouseup\",\"time\":975549.25,\"button\":1,\"target\":\"[id=\\\"portfolio-selection\\\"]>div:nth-child(1)>div>div:nth-child(1)>div:nth-child(6)>div:nth-child(2)>input\"}]},{\"turkId\":0,\"step\":\"1\",\"events\":[{\"x\":900,\"y\":481,\"event_type\":\"mousedown\",\"time\":975656.2900000002,\"button\":1,\"target\":\"[id=\\\"portfolio-selection\\\"]>div:nth-child(1)>div>div:nth-child(1)>div:nth-child(6)>div:nth-child(2)\"},{\"x\":899,\"y\":484,\"event_type\":\"mousedirchange\",\"time\":975723.1600000001,\"button\":1,\"target\":\"[id=\\\"portfolio-selection\\\"]>div:nth-child(1)>div>div:nth-child(1)>div:nth-child(6)>div:nth-child(2)\"},{\"x\":68,\"y\":1030,\"event_type\":\"mousedown\",\"time\":976926.3,\"button\":1,\"target\":\"risk-return\"},{\"x\":70,\"y\":1028,\"event_type\":\"mousedirchange\",\"time\":977015.165,\"button\":1,\"target\":\"risk-return\"},{\"x\":72,\"y\":1026,\"event_type\":\"mousedirchange\",\"time\":977023.1400000001,\"button\":1,\"target\":\"risk-return\"},{\"x\":74,\"y\":1025,\"event_type\":\"mousedirchange\",\"time\":977031.1100000001,\"button\":1,\"target\":\"[id=\\\"portfolio-stats\\\"]>svg\"},{\"x\":75,\"y\":1023,\"event_type\":\"mousedirchange\",\"time\":977035.04,\"button\":1,\"target\":\"[id=\\\"portfolio-stats\\\"]>svg\"},{\"x\":78,\"y\":1020,\"event_type\":\"mousedirchange\",\"time\":977049.1300000001,\"button\":1,\"target\":\"[id=\\\"portfolio-stats\\\"]>svg\"},{\"x\":81,\"y\":1016,\"event_type\":\"mousedirchange\",\"time\":977059.15,\"button\":1,\"target\":\"[id=\\\"portfolio-stats\\\"]>svg\"},{\"x\":83,\"y\":1015,\"event_type\":\"mousedirchange\",\"time\":977065.1300000001,\"button\":1,\"target\":\"[id=\\\"portfolio-stats\\\"]>svg\"},{\"x\":85,\"y\":1013,\"event_type\":\"mousedirchange\",\"time\":977071.0500000002,\"button\":1,\"target\":\"[id=\\\"portfolio-stats\\\"]>svg\"},{\"x\":94,\"y\":1004,\"event_type\":\"mousedirchange\",\"time\":977098.1550000001,\"button\":1,\"target\":\"[id=\\\"portfolio-stats\\\"]>svg\"},{\"x\":95,\"y\":1002,\"event_type\":\"mousedirchange\",\"time\":977103.135,\"button\":1,\"target\":\"[id=\\\"portfolio-stats\\\"]>svg\"},{\"x\":98,\"y\":999,\"event_type\":\"mousedirchange\",\"time\":977113.1150000001,\"button\":1,\"target\":\"[id=\\\"portfolio-stats\\\"]>svg\"},{\"x\":99,\"y\":997,\"event_type\":\"mousedirchange\",\"time\":977119.0750000001,\"button\":1,\"target\":\"[id=\\\"portfolio-stats\\\"]>svg\"},{\"x\":101,\"y\":995,\"event_type\":\"mousedirchange\",\"time\":977126.1250000001,\"button\":1,\"target\":\"[id=\\\"portfolio-stats\\\"]>svg\"},{\"x\":103,\"y\":993,\"event_type\":\"mousedirchange\",\"time\":977136.1000000001,\"button\":1,\"target\":\"[id=\\\"portfolio-stats\\\"]>svg\"},{\"x\":105,\"y\":990,\"event_type\":\"mousedirchange\",\"time\":977147.1550000001,\"button\":1,\"target\":\"[id=\\\"portfolio-stats\\\"]>svg\"},{\"x\":108,\"y\":987,\"event_type\":\"mousedirchange\",\"time\":977159.1450000001,\"button\":1,\"target\":\"[id=\\\"portfolio-stats\\\"]>svg\"},{\"x\":110,\"y\":985,\"event_type\":\"mousedirchange\",\"time\":977170.0650000002,\"button\":1,\"target\":\"[id=\\\"portfolio-stats\\\"]>svg\"},{\"x\":112,\"y\":983,\"event_type\":\"mousedirchange\",\"time\":977179.1300000001,\"button\":1,\"target\":\"[id=\\\"portfolio-stats\\\"]>svg\"},{\"x\":115,\"y\":980,\"event_type\":\"mousedirchange\",\"time\":977195.1250000001,\"button\":1,\"target\":\"[id=\\\"portfolio-stats\\\"]>svg\"},{\"x\":117,\"y\":978,\"event_type\":\"mousedirchange\",\"time\":977206.0450000002,\"button\":1,\"target\":\"[id=\\\"portfolio-stats\\\"]>svg\"},{\"x\":120,\"y\":974,\"event_type\":\"mousedirchange\",\"time\":977237.0900000001,\"button\":1,\"target\":\"[id=\\\"portfolio-stats\\\"]>svg\"},{\"x\":122,\"y\":973,\"event_type\":\"mousedirchange\",\"time\":977253.135,\"button\":1,\"target\":\"[id=\\\"portfolio-stats\\\"]>svg\"},{\"x\":123,\"y\":971,\"event_type\":\"mousedirchange\",\"time\":977269.1950000001,\"button\":1,\"target\":\"[id=\\\"portfolio-stats\\\"]>svg\"},{\"x\":124,\"y\":971,\"event_type\":\"mouseup\",\"time\":977404.2150000001,\"button\":1,\"target\":\"[id=\\\"portfolio-stats\\\"]>svg\"}]},{\"turkId\":0,\"step\":\"1\",\"events\":[{\"x\":124,\"y\":971,\"event_type\":\"click\",\"time\":977404.2150000001,\"button\":1,\"target\":\"[id=\\\"portfolio-stats\\\"]>svg\"}]},{\"turkId\":0,\"step\":\"1\",\"events\":[{\"x\":104,\"y\":996,\"event_type\":\"mousedown\",\"time\":977542.29,\"button\":1,\"target\":\"[id=\\\"portfolio-stats\\\"]>svg\"},{\"x\":104,\"y\":996,\"event_type\":\"mouseup\",\"time\":977646.2550000001,\"button\":1,\"target\":\"[id=\\\"portfolio-stats\\\"]>svg\"}]},{\"turkId\":0,\"step\":\"1\",\"events\":[{\"x\":104,\"y\":996,\"event_type\":\"click\",\"time\":977646.2550000001,\"button\":1,\"target\":\"[id=\\\"portfolio-stats\\\"]>svg\"}]},{\"turkId\":0,\"step\":\"1\",\"events\":[{\"x\":119,\"y\":978,\"event_type\":\"mousedown\",\"time\":977804.3150000001,\"button\":1,\"target\":\"[id=\\\"portfolio-stats\\\"]>svg\"},{\"x\":125,\"y\":977,\"event_type\":\"mouseup\",\"time\":977980.3150000002,\"button\":1,\"target\":\"[id=\\\"portfolio-stats\\\"]>svg\"}]},{\"turkId\":0,\"step\":\"1\",\"events\":[{\"x\":125,\"y\":977,\"event_type\":\"click\",\"time\":977980.3150000002,\"button\":1,\"target\":\"[id=\\\"portfolio-stats\\\"]>svg\"}]},{\"turkId\":0,\"step\":\"1\",\"events\":[{\"x\":490,\"y\":1147,\"event_type\":\"mousedown\",\"time\":979415.305,\"button\":1,\"target\":\"[id=\\\"portfolio-selection\\\"]>div:nth-child(3)>div>button\"},{\"x\":490,\"y\":1147,\"event_type\":\"mouseup\",\"time\":979545.54,\"button\":1,\"target\":\"[id=\\\"portfolio-selection\\\"]>div:nth-child(3)>div>button\"}]},{\"turkId\":0,\"step\":\"1\",\"events\":[{\"x\":490,\"y\":1147,\"event_type\":\"click\",\"time\":979545.54,\"button\":1,\"target\":\"[id=\\\"portfolio-selection\\\"]>div:nth-child(3)>div>button\"}]},{\"turkId\":0,\"step\":\"1\",\"events\":[{\"x\":163,\"y\":757,\"event_type\":\"mousedown\",\"time\":981797.27,\"button\":1,\"target\":\"[id=\\\"portfolio-stats\\\"]>svg\"},{\"x\":163,\"y\":757,\"event_type\":\"mouseup\",\"time\":981888.1500000001,\"button\":1,\"target\":\"[id=\\\"portfolio-stats\\\"]>svg\"}]},{\"turkId\":0,\"step\":\"1\",\"events\":[{\"x\":163,\"y\":757,\"event_type\":\"click\",\"time\":981888.1500000001,\"button\":1,\"target\":\"[id=\\\"portfolio-stats\\\"]>svg\"}]},{\"turkId\":0,\"step\":\"1\",\"events\":[{\"x\":910,\"y\":360,\"event_type\":\"mousedown\",\"time\":982726.2700000001,\"button\":1,\"target\":\"[id=\\\"portfolio-selection\\\"]>div:nth-child(1)>div>div:nth-child(1)>div:nth-child(2)>div:nth-child(2)>input\"},{\"x\":910,\"y\":360,\"event_type\":\"mouseup\",\"time\":982865.2150000001,\"button\":1,\"target\":\"[id=\\\"portfolio-selection\\\"]>div:nth-child(1)>div>div:nth-child(1)>div:nth-child(2)>div:nth-child(2)>input\"}]},{\"turkId\":0,\"step\":\"1\",\"events\":[{\"x\":910,\"y\":360,\"event_type\":\"click\",\"time\":982865.2150000001,\"button\":1,\"target\":\"[id=\\\"portfolio-selection\\\"]>div:nth-child(1)>div>div:nth-child(1)>div:nth-child(2)>div:nth-child(2)>input\"}]},{\"turkId\":0,\"step\":\"1\",\"events\":[{\"x\":910,\"y\":384,\"event_type\":\"mousedown\",\"time\":983221.1950000001,\"button\":1,\"target\":\"[id=\\\"portfolio-selection\\\"]>div:nth-child(1)>div>div:nth-child(1)>div:nth-child(3)>div:nth-child(2)>input\"},{\"x\":910,\"y\":384,\"event_type\":\"mouseup\",\"time\":983320.2050000001,\"button\":1,\"target\":\"[id=\\\"portfolio-selection\\\"]>div:nth-child(1)>div>div:nth-child(1)>div:nth-child(3)>div:nth-child(2)>input\"}]},{\"turkId\":0,\"step\":\"1\",\"events\":[{\"x\":910,\"y\":384,\"event_type\":\"click\",\"time\":983320.2050000001,\"button\":1,\"target\":\"[id=\\\"portfolio-selection\\\"]>div:nth-child(1)>div>div:nth-child(1)>div:nth-child(3)>div:nth-child(2)>input\"}]},{\"turkId\":0,\"step\":\"1\",\"events\":[{\"x\":910,\"y\":408,\"event_type\":\"mousedown\",\"time\":983727.245,\"button\":1,\"target\":\"[id=\\\"portfolio-selection\\\"]>div:nth-child(1)>div>div:nth-child(1)>div:nth-child(4)>div:nth-child(2)>input\"},{\"x\":910,\"y\":409,\"event_type\":\"mouseup\",\"time\":983851.2650000001,\"button\":1,\"target\":\"[id=\\\"portfolio-selection\\\"]>div:nth-child(1)>div>div:nth-child(1)>div:nth-child(4)>div:nth-child(2)>input\"}]},{\"turkId\":0,\"step\":\"1\",\"events\":[{\"x\":910,\"y\":409,\"event_type\":\"click\",\"time\":983851.2650000001,\"button\":1,\"target\":\"[id=\\\"portfolio-selection\\\"]>div:nth-child(1)>div>div:nth-child(1)>div:nth-child(4)>div:nth-child(2)>input\"}]},{\"turkId\":0,\"step\":\"1\",\"events\":[{\"x\":910,\"y\":409,\"event_type\":\"mousedown\",\"time\":983921.2150000001,\"button\":1,\"target\":\"[id=\\\"portfolio-selection\\\"]>div:nth-child(1)>div>div:nth-child(1)>div:nth-child(4)>div:nth-child(2)>input\"},{\"x\":910,\"y\":413,\"event_type\":\"mouseup\",\"time\":984018.1850000002,\"button\":1,\"target\":\"[id=\\\"portfolio-selection\\\"]>div:nth-child(1)>div>div:nth-child(1)>div:nth-child(4)>div:nth-child(2)>input\"}]},{\"turkId\":0,\"step\":\"1\",\"events\":[{\"x\":910,\"y\":413,\"event_type\":\"click\",\"time\":984018.1850000002,\"button\":1,\"target\":\"[id=\\\"portfolio-selection\\\"]>div:nth-child(1)>div>div:nth-child(1)>div:nth-child(4)>div:nth-child(2)>input\"}]},{\"turkId\":0,\"step\":\"1\",\"events\":[{\"x\":910,\"y\":413,\"event_type\":\"dblclick\",\"time\":984020.145,\"button\":1,\"target\":\"[id=\\\"portfolio-selection\\\"]>div:nth-child(1)>div>div:nth-child(1)>div:nth-child(4)>div:nth-child(2)>input\"}]},{\"turkId\":0,\"step\":\"1\",\"events\":[{\"x\":910,\"y\":429,\"event_type\":\"mousedown\",\"time\":984290.2500000001,\"button\":1,\"target\":\"[id=\\\"portfolio-selection\\\"]>div:nth-child(1)>div>div:nth-child(1)>div:nth-child(4)>div:nth-child(2)>input\"},{\"x\":910,\"y\":433,\"event_type\":\"mouseup\",\"time\":984404.1300000001,\"button\":1,\"target\":\"[id=\\\"portfolio-selection\\\"]>div:nth-child(1)>div>div:nth-child(1)>div:nth-child(4)>div:nth-child(2)>input\"}]},{\"turkId\":0,\"step\":\"1\",\"events\":[{\"x\":909,\"y\":443,\"event_type\":\"mousedown\",\"time\":984605.67,\"button\":1,\"target\":\"[id=\\\"portfolio-selection\\\"]>div:nth-child(1)>div>div:nth-child(1)>div:nth-child(5)>div:nth-child(2)>input\"},{\"x\":909,\"y\":445,\"event_type\":\"mouseup\",\"time\":984725.2000000001,\"button\":1,\"target\":\"[id=\\\"portfolio-selection\\\"]>div:nth-child(1)>div>div:nth-child(1)>div:nth-child(5)>div:nth-child(2)>input\"}]},{\"turkId\":0,\"step\":\"1\",\"events\":[{\"x\":909,\"y\":445,\"event_type\":\"click\",\"time\":984725.2000000001,\"button\":1,\"target\":\"[id=\\\"portfolio-selection\\\"]>div:nth-child(1)>div>div:nth-child(1)>div:nth-child(5)>div:nth-child(2)>input\"}]},{\"turkId\":0,\"step\":\"1\",\"events\":[{\"x\":909,\"y\":445,\"event_type\":\"mousedown\",\"time\":984765.25,\"button\":1,\"target\":\"[id=\\\"portfolio-selection\\\"]>div:nth-child(1)>div>div:nth-child(1)>div:nth-child(5)>div:nth-child(2)>input\"},{\"x\":908,\"y\":446,\"event_type\":\"mouseup\",\"time\":984899.2000000001,\"button\":1,\"target\":\"[id=\\\"portfolio-selection\\\"]>div:nth-child(1)>div>div:nth-child(1)>div:nth-child(5)>div:nth-child(2)>input\"}]},{\"turkId\":0,\"step\":\"1\",\"events\":[{\"x\":908,\"y\":446,\"event_type\":\"click\",\"time\":984899.2000000001,\"button\":1,\"target\":\"[id=\\\"portfolio-selection\\\"]>div:nth-child(1)>div>div:nth-child(1)>div:nth-child(5)>div:nth-child(2)>input\"}]},{\"turkId\":0,\"step\":\"1\",\"events\":[{\"x\":908,\"y\":446,\"event_type\":\"dblclick\",\"time\":984901.8600000001,\"button\":1,\"target\":\"[id=\\\"portfolio-selection\\\"]>div:nth-child(1)>div>div:nth-child(1)>div:nth-child(5)>div:nth-child(2)>input\"}]},{\"turkId\":0,\"step\":\"1\",\"events\":[{\"x\":504,\"y\":321,\"event_type\":\"mousedown\",\"time\":987604.265,\"button\":1,\"target\":\"[id=\\\"portfolio-selection\\\"]>div:nth-child(1)>div>div:nth-child(1)>div:nth-child(1)>div:nth-child(3)>span\"},{\"x\":504,\"y\":321,\"event_type\":\"mouseup\",\"time\":987692.1750000002,\"button\":1,\"target\":\"[id=\\\"portfolio-selection\\\"]>div:nth-child(1)>div>div:nth-child(1)>div:nth-child(1)>div:nth-child(3)>span\"}]},{\"turkId\":0,\"step\":\"1\",\"events\":[{\"x\":504,\"y\":321,\"event_type\":\"click\",\"time\":987692.1750000002,\"button\":1,\"target\":\"[id=\\\"portfolio-selection\\\"]>div:nth-child(1)>div>div:nth-child(1)>div:nth-child(1)>div:nth-child(3)>span\"}]},{\"turkId\":0,\"step\":\"1\",\"events\":[{\"x\":494,\"y\":316,\"event_type\":\"mousedown\",\"time\":987806.2550000001,\"button\":1,\"target\":\"[id=\\\"portfolio-selection\\\"]>div:nth-child(1)>div>div:nth-child(1)>div:nth-child(1)>div:nth-child(3)>span\"},{\"x\":491,\"y\":316,\"event_type\":\"mouseup\",\"time\":987876.1350000001,\"button\":1,\"target\":\"[id=\\\"portfolio-selection\\\"]>div:nth-child(1)>div>div:nth-child(1)>div:nth-child(1)>div:nth-child(3)>span\"}]},{\"turkId\":0,\"step\":\"1\",\"events\":[{\"x\":491,\"y\":316,\"event_type\":\"click\",\"time\":987876.1350000001,\"button\":1,\"target\":\"[id=\\\"portfolio-selection\\\"]>div:nth-child(1)>div>div:nth-child(1)>div:nth-child(1)>div:nth-child(3)>span\"}]},{\"turkId\":0,\"step\":\"1\",\"events\":[{\"x\":66,\"y\":594,\"event_type\":\"mousedown\",\"time\":988470.26,\"button\":1,\"target\":\"[id=\\\"parsley-id-137\\\"]>li\"},{\"x\":66,\"y\":594,\"event_type\":\"mouseup\",\"time\":988585.2000000001,\"button\":1,\"target\":\"[id=\\\"parsley-id-137\\\"]>li\"}]},{\"turkId\":0,\"step\":\"1\",\"events\":[{\"x\":66,\"y\":594,\"event_type\":\"click\",\"time\":988585.2000000001,\"button\":1,\"target\":\"[id=\\\"parsley-id-137\\\"]>li\"}]},{\"turkId\":0,\"step\":\"1\",\"events\":[{\"x\":79,\"y\":597,\"event_type\":\"mousedown\",\"time\":988801.3400000001,\"button\":1,\"target\":\"[id=\\\"parsley-id-137\\\"]>li\"},{\"x\":81,\"y\":597,\"event_type\":\"mouseup\",\"time\":988901.0200000001,\"button\":1,\"target\":\"[id=\\\"parsley-id-137\\\"]>li\"}]},{\"turkId\":0,\"step\":\"1\",\"events\":[{\"x\":81,\"y\":597,\"event_type\":\"click\",\"time\":988901.0200000001,\"button\":1,\"target\":\"[id=\\\"parsley-id-137\\\"]>li\"}]},{\"turkId\":0,\"step\":\"1\",\"events\":[{\"x\":53,\"y\":596,\"event_type\":\"mousedown\",\"time\":989331.2800000001,\"button\":1,\"target\":\"[id=\\\"parsley-id-137\\\"]>li\"},{\"x\":114,\"y\":590,\"event_type\":\"mousedirchange\",\"time\":989469.9750000001,\"button\":1,\"target\":\"[id=\\\"parsley-id-137\\\"]>li\"},{\"x\":124,\"y\":589,\"event_type\":\"mousedirchange\",\"time\":989483.9500000001,\"button\":1,\"target\":\"[id=\\\"parsley-id-137\\\"]>li\"},{\"x\":132,\"y\":587,\"event_type\":\"mousedirchange\",\"time\":989497.04,\"button\":1,\"target\":\"parsley-id-137\"},{\"x\":151,\"y\":584,\"event_type\":\"mousedirchange\",\"time\":989529.0100000001,\"button\":1,\"target\":\"parsley-id-137\"},{\"x\":153,\"y\":584,\"event_type\":\"mouseup\",\"time\":989531.0750000001,\"button\":1,\"target\":\"parsley-id-137\"}]},{\"turkId\":0,\"step\":\"1\",\"events\":[{\"x\":153,\"y\":584,\"event_type\":\"click\",\"time\":989531.0750000001,\"button\":1,\"target\":\"parsley-id-137\"}]},{\"turkId\":0,\"step\":\"1\",\"events\":[{\"x\":458,\"y\":686,\"event_type\":\"mousedown\",\"time\":990813.25,\"button\":1,\"target\":\"[id=\\\"portfolio-selection\\\"]>div:nth-child(1)>div>div:nth-child(1)>div:nth-child(10)>div>button\"},{\"x\":458,\"y\":686,\"event_type\":\"mouseup\",\"time\":990915.2200000001,\"button\":1,\"target\":\"[id=\\\"portfolio-selection\\\"]>div:nth-child(1)>div>div:nth-child(1)>div:nth-child(10)>div>button\"}]},{\"turkId\":0,\"step\":\"1\",\"events\":[{\"x\":458,\"y\":686,\"event_type\":\"click\",\"time\":990915.2200000001,\"button\":1,\"target\":\"[id=\\\"portfolio-selection\\\"]>div:nth-child(1)>div>div:nth-child(1)>div:nth-child(10)>div>button\"}]},{\"turkId\":0,\"step\":\"1\",\"events\":[{\"x\":915,\"y\":484,\"event_type\":\"mousedown\",\"time\":991897.1600000001,\"button\":1,\"target\":\"[id=\\\"portfolio-selection\\\"]>div:nth-child(1)>div>div:nth-child(1)>div:nth-child(6)>div:nth-child(2)>input\"},{\"x\":915,\"y\":484,\"event_type\":\"mouseup\",\"time\":992196.17,\"button\":1,\"target\":\"[id=\\\"portfolio-selection\\\"]>div:nth-child(1)>div>div:nth-child(1)>div:nth-child(6)>div:nth-child(2)>input\"}]},{\"turkId\":0,\"step\":\"1\",\"events\":[{\"x\":915,\"y\":484,\"event_type\":\"click\",\"time\":992196.17,\"button\":1,\"target\":\"[id=\\\"portfolio-selection\\\"]>div:nth-child(1)>div>div:nth-child(1)>div:nth-child(6)>div:nth-child(2)>input\"}]},{\"turkId\":0,\"step\":\"1\",\"events\":[{\"x\":915,\"y\":484,\"event_type\":\"mousedown\",\"time\":994488.2450000001,\"button\":1,\"target\":\"[id=\\\"portfolio-selection\\\"]>div:nth-child(1)>div>div:nth-child(1)>div:nth-child(6)>div:nth-child(2)>input\"},{\"x\":915,\"y\":484,\"event_type\":\"mouseup\",\"time\":994618.1600000001,\"button\":1,\"target\":\"[id=\\\"portfolio-selection\\\"]>div:nth-child(1)>div>div:nth-child(1)>div:nth-child(6)>div:nth-child(2)>input\"}]},{\"turkId\":0,\"step\":\"1\",\"events\":[{\"x\":915,\"y\":484,\"event_type\":\"click\",\"time\":994618.1600000001,\"button\":1,\"target\":\"[id=\\\"portfolio-selection\\\"]>div:nth-child(1)>div>div:nth-child(1)>div:nth-child(6)>div:nth-child(2)>input\"}]},{\"turkId\":0,\"step\":\"1\",\"events\":[{\"x\":915,\"y\":484,\"event_type\":\"mousedown\",\"time\":994653.2000000001,\"button\":1,\"target\":\"[id=\\\"portfolio-selection\\\"]>div:nth-child(1)>div>div:nth-child(1)>div:nth-child(6)>div:nth-child(2)>input\"},{\"x\":924,\"y\":484,\"event_type\":\"mouseup\",\"time\":994711.0450000002,\"button\":1,\"target\":\"[id=\\\"portfolio-selection\\\"]>div:nth-child(1)>div>div:nth-child(1)>div:nth-child(6)>div:nth-child(2)>input\"}]},{\"turkId\":0,\"step\":\"1\",\"events\":[{\"x\":949,\"y\":482,\"event_type\":\"mousedown\",\"time\":994799.1400000001,\"button\":1,\"target\":\"html\"},{\"x\":950,\"y\":482,\"event_type\":\"mouseup\",\"time\":994930.1100000001,\"button\":1,\"target\":\"html\"}]},{\"turkId\":0,\"step\":\"1\",\"events\":[{\"x\":924,\"y\":491,\"event_type\":\"mousedown\",\"time\":995073.1900000001,\"button\":1,\"target\":\"[id=\\\"portfolio-selection\\\"]>div:nth-child(1)>div>div:nth-child(1)>div:nth-child(6)>div:nth-child(3)\"},{\"x\":924,\"y\":491,\"event_type\":\"mouseup\",\"time\":995203.05,\"button\":1,\"target\":\"[id=\\\"portfolio-selection\\\"]>div:nth-child(1)>div>div:nth-child(1)>div:nth-child(6)>div:nth-child(3)\"}]},{\"turkId\":0,\"step\":\"1\",\"events\":[{\"x\":924,\"y\":491,\"event_type\":\"click\",\"time\":995203.05,\"button\":1,\"target\":\"[id=\\\"portfolio-selection\\\"]>div:nth-child(1)>div>div:nth-child(1)>div:nth-child(6)>div:nth-child(3)\"}]},{\"turkId\":0,\"step\":\"1\",\"events\":[{\"x\":924,\"y\":491,\"event_type\":\"mousedown\",\"time\":995337.2050000001,\"button\":1,\"target\":\"[id=\\\"portfolio-selection\\\"]>div:nth-child(1)>div>div:nth-child(1)>div:nth-child(6)>div:nth-child(3)\"},{\"x\":924,\"y\":488,\"event_type\":\"mouseup\",\"time\":995422.1050000001,\"button\":1,\"target\":\"[id=\\\"portfolio-selection\\\"]>div:nth-child(1)>div>div:nth-child(1)>div:nth-child(6)>div:nth-child(3)>span\"}]},{\"turkId\":0,\"step\":\"1\",\"events\":[{\"x\":924,\"y\":488,\"event_type\":\"click\",\"time\":995422.1050000001,\"button\":1,\"target\":\"[id=\\\"portfolio-selection\\\"]>div:nth-child(1)>div>div:nth-child(1)>div:nth-child(6)>div:nth-child(3)\"}]},{\"turkId\":0,\"step\":\"1\",\"events\":[{\"x\":924,\"y\":488,\"event_type\":\"dblclick\",\"time\":995423.5400000002,\"button\":1,\"target\":\"[id=\\\"portfolio-selection\\\"]>div:nth-child(1)>div>div:nth-child(1)>div:nth-child(6)>div:nth-child(3)\"}]},{\"turkId\":0,\"step\":\"1\",\"events\":[{\"x\":927,\"y\":483,\"event_type\":\"mousedown\",\"time\":995531.06,\"button\":1,\"target\":\"[id=\\\"portfolio-selection\\\"]>div:nth-child(1)>div>div:nth-child(1)>div:nth-child(6)>div:nth-child(3)>span\"},{\"x\":927,\"y\":483,\"event_type\":\"mouseup\",\"time\":995656.105,\"button\":1,\"target\":\"[id=\\\"portfolio-selection\\\"]>div:nth-child(1)>div>div:nth-child(1)>div:nth-child(6)>div:nth-child(3)>span\"}]},{\"turkId\":0,\"step\":\"1\",\"events\":[{\"x\":927,\"y\":483,\"event_type\":\"click\",\"time\":995656.105,\"button\":1,\"target\":\"[id=\\\"portfolio-selection\\\"]>div:nth-child(1)>div>div:nth-child(1)>div:nth-child(6)>div:nth-child(3)>span\"}]},{\"turkId\":0,\"step\":\"1\",\"events\":[{\"x\":107,\"y\":833,\"event_type\":\"mousedown\",\"time\":998661.2400000001,\"button\":1,\"target\":\"[id=\\\"portfolio-stats\\\"]>svg\"},{\"x\":106,\"y\":839,\"event_type\":\"mousedirchange\",\"time\":998681.9550000001,\"button\":1,\"target\":\"[id=\\\"portfolio-stats\\\"]>svg\"},{\"x\":102,\"y\":849,\"event_type\":\"mousedirchange\",\"time\":998700.9200000002,\"button\":1,\"target\":\"[id=\\\"portfolio-stats\\\"]>svg\"},{\"x\":101,\"y\":852,\"event_type\":\"mousedirchange\",\"time\":998705.9550000001,\"button\":1,\"target\":\"[id=\\\"portfolio-stats\\\"]>svg\"},{\"x\":99,\"y\":855,\"event_type\":\"mousedirchange\",\"time\":998712.9800000001,\"button\":1,\"target\":\"[id=\\\"portfolio-stats\\\"]>svg\"},{\"x\":98,\"y\":857,\"event_type\":\"mousedirchange\",\"time\":998717.9050000001,\"button\":1,\"target\":\"[id=\\\"portfolio-stats\\\"]>svg\"},{\"x\":97,\"y\":860,\"event_type\":\"mousedirchange\",\"time\":998723.9900000001,\"button\":1,\"target\":\"[id=\\\"portfolio-stats\\\"]>svg\"},{\"x\":95,\"y\":870,\"event_type\":\"mouseup\",\"time\":998768.04,\"button\":1,\"target\":\"[id=\\\"portfolio-stats\\\"]>svg\"}]},{\"turkId\":0,\"step\":\"1\",\"events\":[{\"x\":95,\"y\":870,\"event_type\":\"click\",\"time\":998768.04,\"button\":1,\"target\":\"[id=\\\"portfolio-stats\\\"]>svg\"}]},{\"turkId\":0,\"step\":\"1\",\"events\":[{\"x\":78,\"y\":895,\"event_type\":\"mousedown\",\"time\":998833.0950000001,\"button\":1,\"target\":\"[id=\\\"portfolio-stats\\\"]>svg\"},{\"x\":70,\"y\":918,\"event_type\":\"mouseup\",\"time\":998946.0900000001,\"button\":1,\"target\":\"[id=\\\"portfolio-stats\\\"]>svg>g>g:nth-child(2)>path\"}]},{\"turkId\":0,\"step\":\"1\",\"events\":[{\"x\":70,\"y\":918,\"event_type\":\"click\",\"time\":998946.0900000001,\"button\":1,\"target\":\"[id=\\\"portfolio-stats\\\"]>svg\"}]},{\"turkId\":0,\"step\":\"1\",\"events\":[{\"x\":66,\"y\":922,\"event_type\":\"mousedown\",\"time\":998984.0700000001,\"button\":1,\"target\":\"[id=\\\"portfolio-stats\\\"]>svg\"},{\"x\":65,\"y\":928,\"event_type\":\"mousedirchange\",\"time\":999050.905,\"button\":1,\"target\":\"[id=\\\"portfolio-stats\\\"]>svg\"},{\"x\":63,\"y\":934,\"event_type\":\"mousedirchange\",\"time\":999079.1550000001,\"button\":1,\"target\":\"[id=\\\"portfolio-stats\\\"]>svg\"},{\"x\":63,\"y\":935,\"event_type\":\"mouseup\",\"time\":999084.0200000001,\"button\":1,\"target\":\"[id=\\\"portfolio-stats\\\"]>svg\"}]},{\"turkId\":0,\"step\":\"1\",\"events\":[{\"x\":63,\"y\":935,\"event_type\":\"click\",\"time\":999084.0200000001,\"button\":1,\"target\":\"[id=\\\"portfolio-stats\\\"]>svg\"}]},{\"turkId\":0,\"step\":\"1\",\"events\":[{\"x\":62,\"y\":963,\"event_type\":\"mousedown\",\"time\":999170.15,\"button\":1,\"target\":\"[id=\\\"portfolio-stats\\\"]>svg\"},{\"x\":65,\"y\":968,\"event_type\":\"mousedirchange\",\"time\":999188.0100000001,\"button\":1,\"target\":\"[id=\\\"portfolio-stats\\\"]>svg\"},{\"x\":66,\"y\":970,\"event_type\":\"mousedirchange\",\"time\":999195.9900000001,\"button\":1,\"target\":\"[id=\\\"portfolio-stats\\\"]>svg\"},{\"x\":68,\"y\":975,\"event_type\":\"mousedirchange\",\"time\":999217.9950000001,\"button\":1,\"target\":\"[id=\\\"portfolio-stats\\\"]>svg\"},{\"x\":69,\"y\":980,\"event_type\":\"mousedirchange\",\"time\":999255.0000000001,\"button\":1,\"target\":\"[id=\\\"portfolio-stats\\\"]>svg\"},{\"x\":69,\"y\":981,\"event_type\":\"mouseup\",\"time\":999285.055,\"button\":1,\"target\":\"[id=\\\"portfolio-stats\\\"]>svg\"}]},{\"turkId\":0,\"step\":\"1\",\"events\":[{\"x\":69,\"y\":981,\"event_type\":\"click\",\"time\":999285.055,\"button\":1,\"target\":\"[id=\\\"portfolio-stats\\\"]>svg\"}]},{\"turkId\":0,\"step\":\"1\",\"events\":[{\"x\":69,\"y\":986,\"event_type\":\"mousedown\",\"time\":999340.7350000001,\"button\":1,\"target\":\"[id=\\\"portfolio-stats\\\"]>svg\"},{\"x\":70,\"y\":987,\"event_type\":\"mouseup\",\"time\":999427.0850000001,\"button\":1,\"target\":\"[id=\\\"portfolio-stats\\\"]>svg>g>g:nth-child(2)>path\"}]},{\"turkId\":0,\"step\":\"1\",\"events\":[{\"x\":70,\"y\":987,\"event_type\":\"click\",\"time\":999427.0850000001,\"button\":1,\"target\":\"[id=\\\"portfolio-stats\\\"]>svg\"}]},{\"turkId\":0,\"step\":\"1\",\"events\":[{\"x\":249,\"y\":853,\"event_type\":\"mousedown\",\"time\":999718.105,\"button\":1,\"target\":\"[id=\\\"portfolio-stats\\\"]>svg\"},{\"x\":249,\"y\":853,\"event_type\":\"mouseup\",\"time\":999800.505,\"button\":1,\"target\":\"[id=\\\"portfolio-stats\\\"]>svg\"}]},{\"turkId\":0,\"step\":\"1\",\"events\":[{\"x\":249,\"y\":853,\"event_type\":\"click\",\"time\":999800.505,\"button\":1,\"target\":\"[id=\\\"portfolio-stats\\\"]>svg\"}]},{\"turkId\":0,\"step\":\"1\",\"events\":[{\"x\":492,\"y\":691,\"event_type\":\"mousedown\",\"time\":1000242.1200000001,\"button\":1,\"target\":\"[id=\\\"portfolio-selection\\\"]>div:nth-child(1)>div>div:nth-child(1)>div:nth-child(10)>div>button\"},{\"x\":492,\"y\":691,\"event_type\":\"mouseup\",\"time\":1000345.1100000001,\"button\":1,\"target\":\"[id=\\\"portfolio-selection\\\"]>div:nth-child(1)>div>div:nth-child(1)>div:nth-child(10)>div>button\"}]},{\"turkId\":0,\"step\":\"1\",\"events\":[{\"x\":492,\"y\":691,\"event_type\":\"click\",\"time\":1000345.1100000001,\"button\":1,\"target\":\"[id=\\\"portfolio-selection\\\"]>div:nth-child(1)>div>div:nth-child(1)>div:nth-child(10)>div>button\"}]},{\"turkId\":0,\"step\":\"1\",\"events\":[{\"x\":503,\"y\":677,\"event_type\":\"mousedown\",\"time\":1001137.31,\"button\":2,\"target\":\"[id=\\\"portfolio-selection\\\"]>div:nth-child(1)>div>div:nth-child(1)>div:nth-child(10)>div>button\"},{\"x\":503,\"y\":677,\"event_type\":\"mouseup\",\"time\":1001311.0500000002,\"button\":2,\"target\":\"[id=\\\"portfolio-selection\\\"]>div:nth-child(1)>div>div:nth-child(1)>div:nth-child(10)>div>button\"}]},{\"turkId\":0,\"step\":\"1\",\"events\":[{\"x\":497,\"y\":680,\"event_type\":\"mouseup\",\"time\":1001987.06,\"button\":2,\"target\":\"[id=\\\"portfolio-selection\\\"]>div:nth-child(1)>div>div:nth-child(1)>div:nth-child(10)>div>button\"}]},{\"turkId\":0,\"step\":\"1\",\"events\":[{\"x\":497,\"y\":680,\"event_type\":\"mousedown\",\"time\":1002318.15,\"button\":1,\"target\":\"[id=\\\"portfolio-selection\\\"]>div:nth-child(1)>div>div:nth-child(1)>div:nth-child(10)>div>button\"},{\"x\":497,\"y\":680,\"event_type\":\"mouseup\",\"time\":1002418.0950000001,\"button\":1,\"target\":\"[id=\\\"portfolio-selection\\\"]>div:nth-child(1)>div>div:nth-child(1)>div:nth-child(10)>div>button\"}]},{\"turkId\":0,\"step\":\"1\",\"events\":[{\"x\":497,\"y\":680,\"event_type\":\"click\",\"time\":1002418.0950000001,\"button\":1,\"target\":\"[id=\\\"portfolio-selection\\\"]>div:nth-child(1)>div>div:nth-child(1)>div:nth-child(10)>div>button\"}]},{\"turkId\":0,\"step\":\"1\",\"events\":[{\"x\":497,\"y\":680,\"event_type\":\"mousedown\",\"time\":1002487.245,\"button\":1,\"target\":\"[id=\\\"portfolio-selection\\\"]>div:nth-child(1)>div>div:nth-child(1)>div:nth-child(10)>div>button\"},{\"x\":497,\"y\":680,\"event_type\":\"mouseup\",\"time\":1002549.06,\"button\":1,\"target\":\"[id=\\\"portfolio-selection\\\"]>div:nth-child(1)>div>div:nth-child(1)>div:nth-child(10)>div>button\"}]},{\"turkId\":0,\"step\":\"1\",\"events\":[{\"x\":497,\"y\":680,\"event_type\":\"click\",\"time\":1002549.06,\"button\":1,\"target\":\"[id=\\\"portfolio-selection\\\"]>div:nth-child(1)>div>div:nth-child(1)>div:nth-child(10)>div>button\"}]},{\"turkId\":0,\"step\":\"1\",\"events\":[{\"x\":497,\"y\":680,\"event_type\":\"dblclick\",\"time\":1002555.1000000001,\"button\":1,\"target\":\"[id=\\\"portfolio-selection\\\"]>div:nth-child(1)>div>div:nth-child(1)>div:nth-child(10)>div>button\"}]},{\"turkId\":0,\"step\":\"1\",\"events\":[{\"x\":66,\"y\":1077,\"event_type\":\"mousedown\",\"time\":1004452.0800000002,\"button\":1,\"target\":\"risk-return\"},{\"x\":89,\"y\":1078,\"event_type\":\"mousedirchange\",\"time\":1004585.8650000001,\"button\":1,\"target\":\"[id=\\\"portfolio-stats\\\"]>svg\"},{\"x\":137,\"y\":1073,\"event_type\":\"mousedirchange\",\"time\":1004663.935,\"button\":1,\"target\":\"[id=\\\"portfolio-stats\\\"]>svg\"},{\"x\":142,\"y\":1072,\"event_type\":\"mousedirchange\",\"time\":1004671.8550000001,\"button\":1,\"target\":\"[id=\\\"portfolio-stats\\\"]>svg\"},{\"x\":159,\"y\":1066,\"event_type\":\"mousedirchange\",\"time\":1004703.91,\"button\":1,\"target\":\"[id=\\\"portfolio-stats\\\"]>svg\"},{\"x\":167,\"y\":1062,\"event_type\":\"mouseup\",\"time\":1004716.9700000001,\"button\":1,\"target\":\"[id=\\\"portfolio-stats\\\"]>svg\"}]},{\"turkId\":0,\"step\":\"1\",\"events\":[{\"x\":167,\"y\":1062,\"event_type\":\"click\",\"time\":1004716.9700000001,\"button\":1,\"target\":\"[id=\\\"portfolio-stats\\\"]>svg\"}]},{\"turkId\":0,\"step\":\"1\",\"events\":[{\"x\":203,\"y\":923,\"event_type\":\"mousedown\",\"time\":1004936.0800000001,\"button\":1,\"target\":\"[id=\\\"portfolio-stats\\\"]>svg\"},{\"x\":202,\"y\":921,\"event_type\":\"mousedirchange\",\"time\":1004948.9950000001,\"button\":1,\"target\":\"[id=\\\"portfolio-stats\\\"]>svg\"},{\"x\":478,\"y\":249,\"event_type\":\"mousedown\",\"time\":1006715.0650000001,\"button\":1,\"target\":\"content\"},{\"x\":479,\"y\":251,\"event_type\":\"mousedirchange\",\"time\":1006740.9500000001,\"button\":1,\"target\":\"content\"},{\"x\":480,\"y\":255,\"event_type\":\"mouseup\",\"time\":1006764.89,\"button\":1,\"target\":\"content\"}]},{\"turkId\":0,\"step\":\"1\",\"events\":[{\"x\":480,\"y\":255,\"event_type\":\"click\",\"time\":1006764.89,\"button\":1,\"target\":\"content\"}]},{\"turkId\":0,\"step\":\"1\",\"events\":[{\"x\":487,\"y\":287,\"event_type\":\"mousedown\",\"time\":1006867.0850000001,\"button\":1,\"target\":\"[id=\\\"portfolio-selection\\\"]>div:nth-child(1)>div>div:nth-child(1)>div:nth-child(1)>div:nth-child(1)\"},{\"x\":486,\"y\":291,\"event_type\":\"mousedirchange\",\"time\":1006932.895,\"button\":1,\"target\":\"[id=\\\"portfolio-selection\\\"]>div:nth-child(1)>div>div:nth-child(1)>div:nth-child(1)>div:nth-child(1)>span\"},{\"x\":486,\"y\":292,\"event_type\":\"mouseup\",\"time\":1006946.03,\"button\":1,\"target\":\"[id=\\\"portfolio-selection\\\"]>div:nth-child(1)>div>div:nth-child(1)>div:nth-child(1)>div:nth-child(1)>span\"}]},{\"turkId\":0,\"step\":\"1\",\"events\":[{\"x\":486,\"y\":292,\"event_type\":\"click\",\"time\":1006946.03,\"button\":1,\"target\":\"[id=\\\"portfolio-selection\\\"]>div:nth-child(1)>div>div:nth-child(1)>div:nth-child(1)>div:nth-child(1)\"}]},{\"turkId\":0,\"step\":\"1\",\"events\":[{\"x\":484,\"y\":308,\"event_type\":\"mousedown\",\"time\":1007024.9900000001,\"button\":1,\"target\":\"[id=\\\"portfolio-selection\\\"]>div:nth-child(1)>div>div:nth-child(1)>div:nth-child(1)>div:nth-child(1)>span\"},{\"x\":482,\"y\":318,\"event_type\":\"mousedirchange\",\"time\":1007091.9600000001,\"button\":1,\"target\":\"[id=\\\"portfolio-selection\\\"]>div:nth-child(1)>div>div:nth-child(1)>div:nth-child(1)>div:nth-child(3)>span\"},{\"x\":481,\"y\":320,\"event_type\":\"mousedirchange\",\"time\":1007108.9150000002,\"button\":1,\"target\":\"[id=\\\"portfolio-selection\\\"]>div:nth-child(1)>div>div:nth-child(1)>div:nth-child(1)>div:nth-child(3)>span\"},{\"x\":481,\"y\":320,\"event_type\":\"mouseup\",\"time\":1007123.9750000001,\"button\":1,\"target\":\"[id=\\\"portfolio-selection\\\"]>div:nth-child(1)>div>div:nth-child(1)>div:nth-child(1)>div:nth-child(3)>span\"}]},{\"turkId\":0,\"step\":\"1\",\"events\":[{\"x\":481,\"y\":320,\"event_type\":\"click\",\"time\":1007123.9750000001,\"button\":1,\"target\":\"[id=\\\"portfolio-selection\\\"]>div:nth-child(1)>div>div:nth-child(1)>div:nth-child(1)\"}]},{\"turkId\":0,\"step\":\"1\",\"events\":[{\"x\":477,\"y\":324,\"event_type\":\"mousedown\",\"time\":1007193.0900000001,\"button\":1,\"target\":\"[id=\\\"portfolio-selection\\\"]>div:nth-child(1)>div>div:nth-child(1)>div:nth-child(1)>div:nth-child(3)>span\"},{\"x\":458,\"y\":322,\"event_type\":\"mousedown\",\"time\":1007453.0350000001,\"button\":1,\"target\":\"[id=\\\"portfolio-selection\\\"]>div:nth-child(1)>div>div:nth-child(1)>div:nth-child(1)>div:nth-child(3)>span\"},{\"x\":460,\"y\":320,\"event_type\":\"mousedirchange\",\"time\":1007511.9600000001,\"button\":1,\"target\":\"[id=\\\"portfolio-selection\\\"]>div:nth-child(1)>div>div:nth-child(1)>div:nth-child(1)>div:nth-child(3)>span\"},{\"x\":464,\"y\":311,\"event_type\":\"mousedown\",\"time\":1007619.0750000001,\"button\":1,\"target\":\"[id=\\\"portfolio-selection\\\"]>div:nth-child(1)>div>div:nth-child(1)>div:nth-child(1)>div:nth-child(1)\"},{\"x\":464,\"y\":311,\"event_type\":\"mouseup\",\"time\":1007710.035,\"button\":1,\"target\":\"[id=\\\"portfolio-selection\\\"]>div:nth-child(1)>div>div:nth-child(1)>div:nth-child(1)>div:nth-child(1)\"}]},{\"turkId\":0,\"step\":\"1\",\"events\":[{\"x\":464,\"y\":311,\"event_type\":\"click\",\"time\":1007710.035,\"button\":1,\"target\":\"[id=\\\"portfolio-selection\\\"]>div:nth-child(1)>div>div:nth-child(1)>div:nth-child(1)>div:nth-child(1)\"}]},{\"turkId\":0,\"step\":\"1\",\"events\":[{\"x\":464,\"y\":311,\"event_type\":\"mousedown\",\"time\":1007809.55,\"button\":1,\"target\":\"[id=\\\"portfolio-selection\\\"]>div:nth-child(1)>div>div:nth-child(1)>div:nth-child(1)>div:nth-child(1)\"},{\"x\":464,\"y\":311,\"event_type\":\"mouseup\",\"time\":1007874.0450000002,\"button\":1,\"target\":\"[id=\\\"portfolio-selection\\\"]>div:nth-child(1)>div>div:nth-child(1)>div:nth-child(1)>div:nth-child(1)\"}]},{\"turkId\":0,\"step\":\"1\",\"events\":[{\"x\":464,\"y\":311,\"event_type\":\"click\",\"time\":1007874.0450000002,\"button\":1,\"target\":\"[id=\\\"portfolio-selection\\\"]>div:nth-child(1)>div>div:nth-child(1)>div:nth-child(1)>div:nth-child(1)\"}]},{\"turkId\":0,\"step\":\"1\",\"events\":[{\"x\":464,\"y\":311,\"event_type\":\"dblclick\",\"time\":1007875.6300000001,\"button\":1,\"target\":\"[id=\\\"portfolio-selection\\\"]>div:nth-child(1)>div>div:nth-child(1)>div:nth-child(1)>div:nth-child(1)\"}]},{\"turkId\":0,\"step\":\"1\",\"events\":[{\"x\":800,\"y\":407,\"event_type\":\"mousedown\",\"time\":1008334.1550000001,\"button\":1,\"target\":\"[id=\\\"portfolio-selection\\\"]>div:nth-child(1)>div>div:nth-child(1)>div:nth-child(4)>div:nth-child(1)\"},{\"x\":800,\"y\":408,\"event_type\":\"mousedirchange\",\"time\":1008430.9800000001,\"button\":1,\"target\":\"[id=\\\"portfolio-selection\\\"]>div:nth-child(1)>div>div:nth-child(1)>div:nth-child(4)>div:nth-child(1)\"},{\"x\":798,\"y\":407,\"event_type\":\"mousedirchange\",\"time\":1008439.9400000001,\"button\":1,\"target\":\"[id=\\\"portfolio-selection\\\"]>div:nth-child(1)>div>div:nth-child(1)>div:nth-child(4)>div:nth-child(1)\"},{\"x\":794,\"y\":405,\"event_type\":\"mousedirchange\",\"time\":1008448.8600000001,\"button\":1,\"target\":\"[id=\\\"portfolio-selection\\\"]>div:nth-child(1)>div>div:nth-child(1)>div:nth-child(3)>div:nth-child(1)\"},{\"x\":787,\"y\":401,\"event_type\":\"mouseup\",\"time\":1008456.9450000002,\"button\":1,\"target\":\"[id=\\\"portfolio-selection\\\"]>div:nth-child(1)>div>div:nth-child(1)>div:nth-child(3)>div:nth-child(1)>label\"}]},{\"turkId\":0,\"step\":\"1\",\"events\":[{\"x\":119,\"y\":254,\"event_type\":\"mousedown\",\"time\":1011064.11,\"button\":1,\"target\":\"pretest2\"},{\"x\":119,\"y\":254,\"event_type\":\"mouseup\",\"time\":1011160.0050000001,\"button\":1,\"target\":\"pretest2\"}]},{\"turkId\":0,\"step\":\"1\",\"events\":[{\"x\":119,\"y\":254,\"event_type\":\"click\",\"time\":1011160.0050000001,\"button\":1,\"target\":\"pretest2\"}]},{\"turkId\":0,\"step\":\"1\",\"events\":[{\"x\":225,\"y\":245,\"event_type\":\"mousedown\",\"time\":1012766.675,\"button\":1,\"target\":\"pretest3\"},{\"x\":225,\"y\":245,\"event_type\":\"mouseup\",\"time\":1012866.6300000001,\"button\":1,\"target\":\"pretest3\"}]},{\"turkId\":0,\"step\":\"1\",\"events\":[{\"x\":225,\"y\":245,\"event_type\":\"click\",\"time\":1012866.6300000001,\"button\":1,\"target\":\"pretest3\"}]},{\"turkId\":0,\"step\":\"1\",\"events\":[{\"x\":28,\"y\":249,\"event_type\":\"mousedown\",\"time\":1014197.0750000001,\"button\":1,\"target\":\"pretest1\"},{\"x\":28,\"y\":249,\"event_type\":\"mouseup\",\"time\":1014307.0050000001,\"button\":1,\"target\":\"pretest1\"}]},{\"turkId\":0,\"step\":\"1\",\"events\":[{\"x\":28,\"y\":249,\"event_type\":\"click\",\"time\":1014307.0050000001,\"button\":1,\"target\":\"pretest1\"}]},{\"turkId\":0,\"step\":\"1\",\"events\":[{\"x\":321,\"y\":254,\"event_type\":\"mousedown\",\"time\":1015607.02,\"button\":1,\"target\":\"pretest4\"},{\"x\":321,\"y\":254,\"event_type\":\"mouseup\",\"time\":1015670.01,\"button\":1,\"target\":\"pretest4\"}]},{\"turkId\":0,\"step\":\"1\",\"events\":[{\"x\":321,\"y\":254,\"event_type\":\"click\",\"time\":1015670.01,\"button\":1,\"target\":\"pretest4\"}]},{\"turkId\":0,\"step\":\"1\",\"events\":[{\"x\":222,\"y\":248,\"event_type\":\"mousedown\",\"time\":1017159.9850000001,\"button\":1,\"target\":\"pretest3\"},{\"x\":222,\"y\":249,\"event_type\":\"mouseup\",\"time\":1017273.035,\"button\":1,\"target\":\"pretest3\"}]},{\"turkId\":0,\"step\":\"1\",\"events\":[{\"x\":222,\"y\":249,\"event_type\":\"click\",\"time\":1017273.035,\"button\":1,\"target\":\"pretest3\"}]},{\"turkId\":0,\"step\":\"1\",\"events\":[{\"x\":131,\"y\":247,\"event_type\":\"mousedown\",\"time\":1017842.0350000001,\"button\":1,\"target\":\"pretest2\"},{\"x\":131,\"y\":247,\"event_type\":\"mouseup\",\"time\":1017979.9700000001,\"button\":1,\"target\":\"pretest2\"}]},{\"turkId\":0,\"step\":\"1\",\"events\":[{\"x\":131,\"y\":247,\"event_type\":\"click\",\"time\":1017979.9700000001,\"button\":1,\"target\":\"pretest2\"}]},{\"turkId\":0,\"step\":\"1\",\"events\":[{\"x\":73,\"y\":242,\"event_type\":\"mousedown\",\"time\":1018850.0550000002,\"button\":1,\"target\":\"[id=\\\"portfolio-selection\\\"]>ul>li:nth-child(1)>label\"},{\"x\":73,\"y\":242,\"event_type\":\"mouseup\",\"time\":1019150.9550000001,\"button\":1,\"target\":\"[id=\\\"portfolio-selection\\\"]>ul>li:nth-child(1)>label\"}]},{\"turkId\":0,\"step\":\"1\",\"events\":[{\"x\":73,\"y\":242,\"event_type\":\"click\",\"time\":1019150.9550000001,\"button\":1,\"target\":\"[id=\\\"portfolio-selection\\\"]>ul>li:nth-child(1)>label\"}]},{\"turkId\":0,\"step\":\"1\",\"events\":[{\"x\":73,\"y\":242,\"event_type\":\"click\",\"time\":1019150.9550000001,\"button\":1,\"target\":\"pretest1\"}]},{\"turkId\":0,\"step\":\"1\",\"events\":[{\"x\":58,\"y\":246,\"event_type\":\"mousedown\",\"time\":1023940.4600000001,\"button\":1,\"target\":\"[id=\\\"portfolio-selection\\\"]>ul>li:nth-child(1)>label\"},{\"x\":58,\"y\":246,\"event_type\":\"mouseup\",\"time\":1024053.9350000002,\"button\":1,\"target\":\"[id=\\\"portfolio-selection\\\"]>ul>li:nth-child(1)>label\"}]},{\"turkId\":0,\"step\":\"1\",\"events\":[{\"x\":58,\"y\":246,\"event_type\":\"click\",\"time\":1024053.9350000002,\"button\":1,\"target\":\"[id=\\\"portfolio-selection\\\"]>ul>li:nth-child(1)>label\"}]},{\"turkId\":0,\"step\":\"1\",\"events\":[{\"x\":58,\"y\":246,\"event_type\":\"click\",\"time\":1024053.9350000002,\"button\":1,\"target\":\"pretest1\"}]},{\"turkId\":0,\"step\":\"1\",\"events\":[{\"x\":142,\"y\":263,\"event_type\":\"mousedown\",\"time\":1025513.9750000001,\"button\":1,\"target\":\"[id=\\\"portfolio-selection\\\"]>ul\"},{\"x\":142,\"y\":263,\"event_type\":\"mouseup\",\"time\":1025609.905,\"button\":1,\"target\":\"[id=\\\"portfolio-selection\\\"]>ul\"}]},{\"turkId\":0,\"step\":\"1\",\"events\":[{\"x\":142,\"y\":263,\"event_type\":\"click\",\"time\":1025609.905,\"button\":1,\"target\":\"[id=\\\"portfolio-selection\\\"]>ul\"}]},{\"turkId\":0,\"step\":\"1\",\"events\":[{\"x\":228,\"y\":268,\"event_type\":\"mousedown\",\"time\":1026112.9700000001,\"button\":1,\"target\":\"[id=\\\"portfolio-selection\\\"]>ul\"},{\"x\":228,\"y\":268,\"event_type\":\"mouseup\",\"time\":1026207.9000000001,\"button\":1,\"target\":\"[id=\\\"portfolio-selection\\\"]>ul\"}]},{\"turkId\":0,\"step\":\"1\",\"events\":[{\"x\":228,\"y\":268,\"event_type\":\"click\",\"time\":1026207.9000000001,\"button\":1,\"target\":\"[id=\\\"portfolio-selection\\\"]>ul\"}]},{\"turkId\":0,\"step\":\"1\",\"events\":[{\"x\":225,\"y\":256,\"event_type\":\"mousedown\",\"time\":1026357.9,\"button\":1,\"target\":\"pretest3\"},{\"x\":225,\"y\":256,\"event_type\":\"mouseup\",\"time\":1026452.9099999999,\"button\":1,\"target\":\"pretest3\"}]},{\"turkId\":0,\"step\":\"1\",\"events\":[{\"x\":225,\"y\":256,\"event_type\":\"click\",\"time\":1026452.9099999999,\"button\":1,\"target\":\"pretest3\"}]},{\"turkId\":0,\"step\":\"1\",\"events\":[{\"x\":168,\"y\":253,\"event_type\":\"mousedown\",\"time\":1026762.005,\"button\":1,\"target\":\"[id=\\\"portfolio-selection\\\"]>ul>li:nth-child(2)>label\"},{\"x\":168,\"y\":254,\"event_type\":\"mouseup\",\"time\":1026875.89,\"button\":1,\"target\":\"[id=\\\"portfolio-selection\\\"]>ul>li:nth-child(2)>label\"}]},{\"turkId\":0,\"step\":\"1\",\"events\":[{\"x\":168,\"y\":254,\"event_type\":\"click\",\"time\":1026875.89,\"button\":1,\"target\":\"[id=\\\"portfolio-selection\\\"]>ul>li:nth-child(2)>label\"}]},{\"turkId\":0,\"step\":\"1\",\"events\":[{\"x\":168,\"y\":254,\"event_type\":\"click\",\"time\":1026875.89,\"button\":1,\"target\":\"pretest2\"}]},{\"turkId\":0,\"step\":\"1\",\"events\":[{\"x\":847,\"y\":579,\"event_type\":\"mousedown\",\"time\":1028604.99,\"button\":1,\"target\":\"[id=\\\"portfolio-selection\\\"]>div:nth-child(3)>div>div:nth-child(1)>div:nth-child(8)>div:nth-child(1)>label\"},{\"x\":847,\"y\":579,\"event_type\":\"mouseup\",\"time\":1028706.92,\"button\":1,\"target\":\"[id=\\\"portfolio-selection\\\"]>div:nth-child(3)>div>div:nth-child(1)>div:nth-child(8)>div:nth-child(1)>label\"}]},{\"turkId\":0,\"step\":\"1\",\"events\":[{\"x\":847,\"y\":579,\"event_type\":\"click\",\"time\":1028706.92,\"button\":1,\"target\":\"[id=\\\"portfolio-selection\\\"]>div:nth-child(3)>div>div:nth-child(1)>div:nth-child(8)>div:nth-child(1)>label\"}]},{\"turkId\":0,\"step\":\"1\",\"events\":[{\"x\":847,\"y\":579,\"event_type\":\"mousedown\",\"time\":1029329.3650000001,\"button\":1,\"target\":\"[id=\\\"portfolio-selection\\\"]>div:nth-child(3)>div>div:nth-child(1)>div:nth-child(8)>div:nth-child(1)>label\"},{\"x\":847,\"y\":579,\"event_type\":\"mouseup\",\"time\":1029436.2150000002,\"button\":1,\"target\":\"[id=\\\"portfolio-selection\\\"]>div:nth-child(3)>div>div:nth-child(1)>div:nth-child(8)>div:nth-child(1)>label\"}]},{\"turkId\":0,\"step\":\"1\",\"events\":[{\"x\":847,\"y\":579,\"event_type\":\"click\",\"time\":1029436.2150000002,\"button\":1,\"target\":\"[id=\\\"portfolio-selection\\\"]>div:nth-child(3)>div>div:nth-child(1)>div:nth-child(8)>div:nth-child(1)>label\"}]},{\"turkId\":0,\"step\":\"1\",\"events\":[{\"x\":887,\"y\":464,\"event_type\":\"mousedown\",\"time\":1030881.9250000002,\"button\":1,\"target\":\"[id=\\\"portfolio-selection\\\"]>div:nth-child(3)>div>div:nth-child(1)>div:nth-child(4)>div:nth-child(2)\"},{\"x\":888,\"y\":460,\"event_type\":\"mousedirchange\",\"time\":1030919.8250000002,\"button\":1,\"target\":\"[id=\\\"portfolio-selection\\\"]>div:nth-child(3)>div>div:nth-child(1)>div:nth-child(4)>div:nth-child(2)\"},{\"x\":889,\"y\":453,\"event_type\":\"mouseup\",\"time\":1030956.805,\"button\":1,\"target\":\"[id=\\\"portfolio-selection\\\"]>div:nth-child(3)>div>div:nth-child(1)>div:nth-child(4)>div:nth-child(3)\"}]},{\"turkId\":0,\"step\":\"1\",\"events\":[{\"x\":889,\"y\":453,\"event_type\":\"click\",\"time\":1030956.805,\"button\":1,\"target\":\"[id=\\\"portfolio-selection\\\"]>div:nth-child(3)>div>div:nth-child(1)>div:nth-child(4)\"}]},{\"turkId\":0,\"step\":\"1\",\"events\":[{\"x\":889,\"y\":438,\"event_type\":\"mousedown\",\"time\":1031032.895,\"button\":1,\"target\":\"[id=\\\"portfolio-selection\\\"]>div:nth-child(3)>div>div:nth-child(1)>div:nth-child(4)>div:nth-child(3)\"},{\"x\":501,\"y\":1111,\"event_type\":\"mousedown\",\"time\":1032264.9550000001,\"button\":1,\"target\":\"[id=\\\"portfolio-selection\\\"]>div:nth-child(5)>div>button\"},{\"x\":501,\"y\":1111,\"event_type\":\"mouseup\",\"time\":1032353.8800000001,\"button\":1,\"target\":\"[id=\\\"portfolio-selection\\\"]>div:nth-child(5)>div>button\"}]},{\"turkId\":0,\"step\":\"1\",\"events\":[{\"x\":501,\"y\":1111,\"event_type\":\"click\",\"time\":1032353.8800000001,\"button\":1,\"target\":\"[id=\\\"portfolio-selection\\\"]>div:nth-child(5)>div>button\"}]},{\"turkId\":0,\"step\":\"1\",\"events\":[{\"x\":230,\"y\":250,\"event_type\":\"mousedown\",\"time\":1044577.7850000001,\"button\":1,\"target\":\"pretest3\"},{\"x\":230,\"y\":250,\"event_type\":\"mouseup\",\"time\":1044671.7900000002,\"button\":1,\"target\":\"pretest3\"}]},{\"turkId\":0,\"step\":\"1\",\"events\":[{\"x\":230,\"y\":250,\"event_type\":\"click\",\"time\":1044671.7900000002,\"button\":1,\"target\":\"pretest3\"}]},{\"turkId\":0,\"step\":\"1\",\"events\":[{\"x\":300,\"y\":259,\"event_type\":\"mousedown\",\"time\":1045391.85,\"button\":1,\"target\":\"[id=\\\"portfolio-selection\\\"]>ul>li:nth-child(3)>label\"},{\"x\":301,\"y\":259,\"event_type\":\"mouseup\",\"time\":1045467.6799999999,\"button\":1,\"target\":\"[id=\\\"portfolio-selection\\\"]>ul>li:nth-child(3)>label\"}]},{\"turkId\":0,\"step\":\"1\",\"events\":[{\"x\":301,\"y\":259,\"event_type\":\"click\",\"time\":1045467.6799999999,\"button\":1,\"target\":\"[id=\\\"portfolio-selection\\\"]>ul>li:nth-child(3)>label\"}]},{\"turkId\":0,\"step\":\"1\",\"events\":[{\"x\":319,\"y\":248,\"event_type\":\"mousedown\",\"time\":1045628.8150000001,\"button\":1,\"target\":\"[id=\\\"portfolio-selection\\\"]>ul>li:nth-child(3)\"},{\"x\":319,\"y\":248,\"event_type\":\"mouseup\",\"time\":1045719.73,\"button\":1,\"target\":\"[id=\\\"portfolio-selection\\\"]>ul>li:nth-child(3)\"}]},{\"turkId\":0,\"step\":\"1\",\"events\":[{\"x\":319,\"y\":248,\"event_type\":\"click\",\"time\":1045719.73,\"button\":1,\"target\":\"[id=\\\"portfolio-selection\\\"]>ul>li:nth-child(3)\"}]},{\"turkId\":0,\"step\":\"1\",\"events\":[{\"x\":328,\"y\":245,\"event_type\":\"mousedown\",\"time\":1046067.79,\"button\":1,\"target\":\"pretest4\"},{\"x\":328,\"y\":245,\"event_type\":\"mouseup\",\"time\":1046183.8099999999,\"button\":1,\"target\":\"pretest4\"}]},{\"turkId\":0,\"step\":\"1\",\"events\":[{\"x\":328,\"y\":245,\"event_type\":\"click\",\"time\":1046183.8099999999,\"button\":1,\"target\":\"pretest4\"}]},{\"turkId\":0,\"step\":\"1\",\"events\":[{\"x\":155,\"y\":249,\"event_type\":\"mousedown\",\"time\":1047186.0900000002,\"button\":1,\"target\":\"[id=\\\"portfolio-selection\\\"]>ul>li:nth-child(2)>label\"},{\"x\":155,\"y\":249,\"event_type\":\"mouseup\",\"time\":1047274.795,\"button\":1,\"target\":\"[id=\\\"portfolio-selection\\\"]>ul>li:nth-child(2)>label\"}]},{\"turkId\":0,\"step\":\"1\",\"events\":[{\"x\":155,\"y\":249,\"event_type\":\"click\",\"time\":1047274.795,\"button\":1,\"target\":\"[id=\\\"portfolio-selection\\\"]>ul>li:nth-child(2)>label\"}]},{\"turkId\":0,\"step\":\"1\",\"events\":[{\"x\":155,\"y\":249,\"event_type\":\"click\",\"time\":1047274.795,\"button\":1,\"target\":\"pretest2\"}]},{\"turkId\":0,\"step\":\"1\",\"events\":[{\"x\":473,\"y\":1104,\"event_type\":\"mousedown\",\"time\":1048194.835,\"button\":1,\"target\":\"[id=\\\"portfolio-selection\\\"]>div:nth-child(5)>div>button\"},{\"x\":473,\"y\":1104,\"event_type\":\"mouseup\",\"time\":1048287.7100000001,\"button\":1,\"target\":\"[id=\\\"portfolio-selection\\\"]>div:nth-child(5)>div>button\"}]},{\"turkId\":0,\"step\":\"1\",\"events\":[{\"x\":473,\"y\":1104,\"event_type\":\"click\",\"time\":1048287.7100000001,\"button\":1,\"target\":\"[id=\\\"portfolio-selection\\\"]>div:nth-child(5)>div>button\"}]},{\"turkId\":0,\"step\":\"1\",\"events\":[{\"x\":472,\"y\":1114,\"event_type\":\"mousedown\",\"time\":1051061.805,\"button\":1,\"target\":\"[id=\\\"portfolio-selection\\\"]>div:nth-child(5)>div>button\"},{\"x\":472,\"y\":1114,\"event_type\":\"mouseup\",\"time\":1051148.705,\"button\":1,\"target\":\"[id=\\\"portfolio-selection\\\"]>div:nth-child(5)>div>button\"}]},{\"turkId\":0,\"step\":\"1\",\"events\":[{\"x\":472,\"y\":1114,\"event_type\":\"click\",\"time\":1051148.705,\"button\":1,\"target\":\"[id=\\\"portfolio-selection\\\"]>div:nth-child(5)>div>button\"}]},{\"turkId\":0,\"step\":\"1\",\"events\":[{\"x\":468,\"y\":1125,\"event_type\":\"mousedown\",\"time\":1052700.7500000002,\"button\":1,\"target\":\"[id=\\\"portfolio-selection\\\"]>div:nth-child(5)>div>button\"},{\"x\":468,\"y\":1125,\"event_type\":\"mouseup\",\"time\":1052807.6950000003,\"button\":1,\"target\":\"[id=\\\"portfolio-selection\\\"]>div:nth-child(5)>div>button\"}]},{\"turkId\":0,\"step\":\"1\",\"events\":[{\"x\":468,\"y\":1125,\"event_type\":\"click\",\"time\":1052807.6950000003,\"button\":1,\"target\":\"[id=\\\"portfolio-selection\\\"]>div:nth-child(5)>div>button\"}]},{\"turkId\":0,\"step\":\"1\",\"events\":[{\"x\":471,\"y\":1105,\"event_type\":\"mousedown\",\"time\":1056371.695,\"button\":1,\"target\":\"[id=\\\"portfolio-selection\\\"]>div:nth-child(5)>div>button\"},{\"x\":472,\"y\":1107,\"event_type\":\"mousedirchange\",\"time\":1056383.54,\"button\":1,\"target\":\"[id=\\\"portfolio-selection\\\"]>div:nth-child(5)>div>button\"},{\"x\":473,\"y\":1109,\"event_type\":\"mousedirchange\",\"time\":1056401.61,\"button\":1,\"target\":\"[id=\\\"portfolio-selection\\\"]>div:nth-child(5)>div>button\"},{\"x\":474,\"y\":1110,\"event_type\":\"mouseup\",\"time\":1056470.73,\"button\":1,\"target\":\"[id=\\\"portfolio-selection\\\"]>div:nth-child(5)>div>button\"}]},{\"turkId\":0,\"step\":\"1\",\"events\":[{\"x\":474,\"y\":1110,\"event_type\":\"click\",\"time\":1056470.73,\"button\":1,\"target\":\"[id=\\\"portfolio-selection\\\"]>div:nth-child(5)>div>button\"}]}]",
    "demographics-turk_id": "\"0\"",
    "demographics-assignment_id": "\"ASSIGNMENT_ID_NOT_AVAILABLE\"",
    "demographics-age": "\"18\"",
    "demographics-gender": "\"M\"",
    "demographics-computer_experience": "\"2\"",
    "demographics-investment_experience": "\"1\"",
    "demographics-interfaceName": "\"slice_sa\"",
    "pretest-pretest": "\"1\"",
    "pretest-turk_id": "\"0\"",
    "pretest-step": "\"\"",
    "pretest-exp_return": "\"150.09619232\"",
    "pretest-exp_risk": "\"53.48849704619768\"",
    "pretest-starting_cash": "\"10000\"",
    "pretest-a1": "\"2755.1135999999997\"",
    "pretest-a2": "\"3081.9302\"",
    "pretest-a3": "\"426.9128\"",
    "pretest-a4": "\"20.3494\"",
    "pretest-a5": "\"3715.694\"",
    "pretest-remaining_cash": "\"0\"",
    "timing-1-turkId": null,
    "timing-1-step": null,
    "timing-1-totalTime": null,
    "portfolio-1-turk_id": null,
    "portfolio-1-step": null,
    "portfolio-1-exp_return": null,
    "portfolio-1-exp_risk": null,
    "portfolio-1-starting_cash": null,
    "portfolio-1-a1": null,
    "portfolio-1-a2": null,
    "portfolio-1-a3": null,
    "portfolio-1-a4": null,
    "portfolio-1-a5": null,
    "portfolio-1-remaining_cash": null,
    "portfolio-1-stockReturns": null,
    "portfolio-1-startingCash": null,
    "portfolio-1-remainingCash": null,
    "timing-2-turkId": null,
    "timing-2-step": null,
    "timing-2-totalTime": null,
    "portfolio-2-turk_id": null,
    "portfolio-2-step": null,
    "portfolio-2-exp_return": null,
    "portfolio-2-exp_risk": null,
    "portfolio-2-starting_cash": null,
    "portfolio-2-a1": null,
    "portfolio-2-a2": null,
    "portfolio-2-a3": null,
    "portfolio-2-a4": null,
    "portfolio-2-a5": null,
    "portfolio-2-remaining_cash": null,
    "portfolio-2-stockReturns": null,
    "portfolio-2-startingCash": null,
    "portfolio-2-remainingCash": null,
    "timing-3-turkId": null,
    "timing-3-step": null,
    "timing-3-totalTime": null,
    "portfolio-3-turk_id": null,
    "portfolio-3-step": null,
    "portfolio-3-exp_return": null,
    "portfolio-3-exp_risk": null,
    "portfolio-3-starting_cash": null,
    "portfolio-3-a1": null,
    "portfolio-3-a2": null,
    "portfolio-3-a3": null,
    "portfolio-3-a4": null,
    "portfolio-3-a5": null,
    "portfolio-3-remaining_cash": null,
    "portfolio-3-stockReturns": null,
    "portfolio-3-startingCash": null,
    "portfolio-3-remainingCash": null,
    "timing-4-turkId": null,
    "timing-4-step": null,
    "timing-4-totalTime": null,
    "portfolio-4-turk_id": null,
    "portfolio-4-step": null,
    "portfolio-4-exp_return": null,
    "portfolio-4-exp_risk": null,
    "portfolio-4-starting_cash": null,
    "portfolio-4-a1": null,
    "portfolio-4-a2": null,
    "portfolio-4-a3": null,
    "portfolio-4-a4": null,
    "portfolio-4-a5": null,
    "portfolio-4-remaining_cash": null,
    "portfolio-4-stockReturns": null,
    "portfolio-4-startingCash": null,
    "portfolio-4-remainingCash": null,
    "timing-5-turkId": null,
    "timing-5-step": null,
    "timing-5-totalTime": null,
    "portfolio-5-turk_id": null,
    "portfolio-5-step": null,
    "portfolio-5-exp_return": null,
    "portfolio-5-exp_risk": null,
    "portfolio-5-starting_cash": null,
    "portfolio-5-a1": null,
    "portfolio-5-a2": null,
    "portfolio-5-a3": null,
    "portfolio-5-a4": null,
    "portfolio-5-a5": null,
    "portfolio-5-remaining_cash": null,
    "portfolio-5-stockReturns": null,
    "portfolio-5-startingCash": null,
    "portfolio-5-remainingCash": null,
    "qualification-turk_id": "\"0\"",
    "qualification-q1": "\"4\"",
    "qualification-q3": "\"3\"",
    "qualification-q4": "\"3\"",
    "confidence-turk_id": "\"0\"",
    "confidence-q1": "\"3\"",
    "confidence-q2": "\"2\"",
    "confidence-q3": "\"7\"",
    "confidence-q4": "\"6\"",
    "confidence-q5": "\"5\"",
    "financial_literacy-turk_id": "\"0\"",
    "financial_literacy-q1": "\"3\"",
    "financial_literacy-q2": "\"4\"",
    "financial_literacy-q3": "\"2\"",
    "financial_literacy-q4": "\"1\"",
    "financial_literacy-q5": "\"1\"",
    "financial_literacy-q6": "\"5\"",
    "financial_literacy-q7": "\"1\"",
    "financial_literacy-q8": "\"1\"",
    "financial_literacy-q9": "\"1\"",
    "financial_literacy-q10": "\"5\"",
    "need_for_cognition-turk_id": "\"0\"",
    "need_for_cognition-q1": "\"-4\"",
    "need_for_cognition-q2": "\"2\"",
    "need_for_cognition-q3": "\"1\"",
    "need_for_cognition-q4": "\"-3\"",
    "need_for_cognition-q5": "\"0\"",
    "need_for_cognition-q6": "\"-2\"",
    "need_for_cognition-q7": "\"-3\"",
    "need_for_cognition-q8": "\"-3\"",
    "need_for_cognition-q9": "\"0\"",
    "need_for_cognition-q10": "\"2\"",
    "need_for_cognition-q11": "\"3\"",
    "need_for_cognition-q12": "\"-2\"",
    "need_for_cognition-q13": "\"-1\"",
    "need_for_cognition-q14": "\"-2\"",
    "need_for_cognition-q15": "\"0\"",
    "need_for_cognition-q16": "\"4\"",
    "need_for_cognition-q17": "\"-4\"",
    "need_for_cognition-q18": "\"2\"",
    "feedback-turk_id": "\"0\"",
    "feedback-comments": "\"Ich habe 2 Frage nicht ganz verstanden aber sonst versucht meine Antworten mit Bedacht zu setzten\\r\\nLg und viel spa\u00df \"",
    "workerId": "0",
    "assignmentId": "ASSIGNMENT_ID_NOT_AVAILABLE"
}