{
    "mouseevents-events": null,
    "demographics-turk_id": "\"0\"",
    "demographics-assignment_id": "\"ASSIGNMENT_ID_NOT_AVAILABLE\"",
    "demographics-age": "\"27\"",
    "demographics-gender": "\"M\"",
    "demographics-computer_experience": "\"3\"",
    "demographics-investment_experience": "\"1\"",
    "demographics-interfaceName": "\"no_sa\"",
    "pretest-pretest": "\"2\"",
    "pretest-turk_id": "\"0\"",
    "pretest-step": "\"\"",
    "pretest-exp_return": "\"150.08853192100003\"",
    "pretest-exp_risk": "\"49.05418826058876\"",
    "pretest-starting_cash": "\"10000\"",
    "pretest-a1": "\"54.26591\"",
    "pretest-a2": "\"2482.266\"",
    "pretest-a3": "\"1530.7153\"",
    "pretest-a4": "\"1907.8152\"",
    "pretest-a5": "\"4024.937\"",
    "pretest-remaining_cash": "\"0\"",
    "timing-1-turkId": "\"0\"",
    "timing-1-step": "\"1\"",
    "timing-1-totalTime": "308498",
    "portfolio-1-turk_id": "\"0\"",
    "portfolio-1-step": "\"1\"",
    "portfolio-1-exp_return": "\"138\"",
    "portfolio-1-exp_risk": "\"46.941755\"",
    "portfolio-1-starting_cash": "\"10000\"",
    "portfolio-1-a1": "\"0\"",
    "portfolio-1-a2": "\"5000\"",
    "portfolio-1-a3": "\"0\"",
    "portfolio-1-a4": "\"5000\"",
    "portfolio-1-a5": "\"0\"",
    "portfolio-1-remaining_cash": "\"0\"",
    "portfolio-1-stockReturns": "[{\"investment\":0,\"return\":0},{\"investment\":5000,\"return\":66.5752720440364},{\"investment\":0,\"return\":0},{\"investment\":5000,\"return\":37.89532276660414},{\"investment\":0,\"return\":0}]",
    "portfolio-1-startingCash": "10000",
    "portfolio-1-remainingCash": "10104.47059481064",
    "timing-2-turkId": "\"0\"",
    "timing-2-step": "\"2\"",
    "timing-2-totalTime": "120655",
    "portfolio-2-turk_id": "\"0\"",
    "portfolio-2-step": "\"2\"",
    "portfolio-2-exp_return": "\"143.4768\"",
    "portfolio-2-exp_risk": "\"58.1017930416\"",
    "portfolio-2-starting_cash": "\"10104\"",
    "portfolio-2-a1": "\"0\"",
    "portfolio-2-a2": "\"10104\"",
    "portfolio-2-a3": "\"0\"",
    "portfolio-2-a4": "\"0\"",
    "portfolio-2-a5": "\"0\"",
    "portfolio-2-remaining_cash": "\"0\"",
    "portfolio-2-stockReturns": "[{\"investment\":0,\"return\":0},{\"investment\":10104,\"return\":134.97331850102805},{\"investment\":0,\"return\":0},{\"investment\":0,\"return\":0},{\"investment\":0,\"return\":0}]",
    "portfolio-2-startingCash": "10104",
    "portfolio-2-remainingCash": "10238.973318501028",
    "timing-3-turkId": "\"0\"",
    "timing-3-step": "\"3\"",
    "timing-3-totalTime": "33815",
    "portfolio-3-turk_id": "\"0\"",
    "portfolio-3-step": "\"3\"",
    "portfolio-3-exp_return": "\"145.3938\"",
    "portfolio-3-exp_risk": "\"58.87809372059999\"",
    "portfolio-3-starting_cash": "\"10239\"",
    "portfolio-3-a1": "\"0\"",
    "portfolio-3-a2": "\"10239\"",
    "portfolio-3-a3": "\"0\"",
    "portfolio-3-a4": "\"0\"",
    "portfolio-3-a5": "\"0\"",
    "portfolio-3-remaining_cash": "\"0\"",
    "portfolio-3-stockReturns": "[{\"investment\":0,\"return\":0},{\"investment\":10239,\"return\":173.92674281629786},{\"investment\":0,\"return\":0},{\"investment\":0,\"return\":0},{\"investment\":0,\"return\":0}]",
    "portfolio-3-startingCash": "10239",
    "portfolio-3-remainingCash": "10412.926742816298",
    "timing-4-turkId": "\"0\"",
    "timing-4-step": "\"4\"",
    "timing-4-totalTime": "23147",
    "portfolio-4-turk_id": "\"0\"",
    "portfolio-4-step": "\"4\"",
    "portfolio-4-exp_return": "\"147.8646\"",
    "portfolio-4-exp_risk": "\"59.8786590402\"",
    "portfolio-4-starting_cash": "\"10413\"",
    "portfolio-4-a1": "\"0\"",
    "portfolio-4-a2": "\"10413\"",
    "portfolio-4-a3": "\"0\"",
    "portfolio-4-a4": "\"0\"",
    "portfolio-4-a5": "\"0\"",
    "portfolio-4-remaining_cash": "\"0\"",
    "portfolio-4-stockReturns": "[{\"investment\":0,\"return\":0},{\"investment\":10413,\"return\":216.3515904676829},{\"investment\":0,\"return\":0},{\"investment\":0,\"return\":0},{\"investment\":0,\"return\":0}]",
    "portfolio-4-startingCash": "10413",
    "portfolio-4-remainingCash": "10629.351590467682",
    "timing-5-turkId": "\"0\"",
    "timing-5-step": "\"5\"",
    "timing-5-totalTime": "19624",
    "portfolio-5-turk_id": "\"0\"",
    "portfolio-5-step": "\"5\"",
    "portfolio-5-exp_return": "\"150.9318\"",
    "portfolio-5-exp_risk": "\"61.1207401266\"",
    "portfolio-5-starting_cash": "\"10629\"",
    "portfolio-5-a1": "\"0\"",
    "portfolio-5-a2": "\"10629\"",
    "portfolio-5-a3": "\"0\"",
    "portfolio-5-a4": "\"0\"",
    "portfolio-5-a5": "\"0\"",
    "portfolio-5-remaining_cash": "\"0\"",
    "portfolio-5-stockReturns": "[{\"investment\":0,\"return\":0},{\"investment\":10629,\"return\":115.1120426533899},{\"investment\":0,\"return\":0},{\"investment\":0,\"return\":0},{\"investment\":0,\"return\":0}]",
    "portfolio-5-startingCash": "10629",
    "portfolio-5-remainingCash": "10744.11204265339",
    "qualification-turk_id": "\"0\"",
    "qualification-q1": "\"5\"",
    "qualification-q3": "\"2\"",
    "qualification-q4": "\"3\"",
    "confidence-turk_id": "\"0\"",
    "confidence-q1": "\"7\"",
    "confidence-q2": "\"7\"",
    "confidence-q3": "\"7\"",
    "confidence-q4": "\"7\"",
    "confidence-q5": "\"5\"",
    "financial_literacy-turk_id": "\"0\"",
    "financial_literacy-q1": "\"3\"",
    "financial_literacy-q2": "\"3\"",
    "financial_literacy-q3": "\"1\"",
    "financial_literacy-q4": "\"1\"",
    "financial_literacy-q5": "\"1\"",
    "financial_literacy-q6": "\"5\"",
    "financial_literacy-q7": "\"2\"",
    "financial_literacy-q8": "\"6\"",
    "financial_literacy-q9": "\"6\"",
    "financial_literacy-q10": "\"6\"",
    "need_for_cognition-turk_id": "\"0\"",
    "need_for_cognition-q1": "\"4\"",
    "need_for_cognition-q2": "\"4\"",
    "need_for_cognition-q3": "\"-4\"",
    "need_for_cognition-q4": "\"-4\"",
    "need_for_cognition-q5": "\"-4\"",
    "need_for_cognition-q6": "\"4\"",
    "need_for_cognition-q7": "\"0\"",
    "need_for_cognition-q8": "\"0\"",
    "need_for_cognition-q9": "\"-4\"",
    "need_for_cognition-q10": "\"4\"",
    "need_for_cognition-q11": "\"4\"",
    "need_for_cognition-q12": "\"-4\"",
    "need_for_cognition-q13": "\"-1\"",
    "need_for_cognition-q14": "\"4\"",
    "need_for_cognition-q15": "\"4\"",
    "need_for_cognition-q16": "\"-4\"",
    "need_for_cognition-q17": "\"-4\"",
    "need_for_cognition-q18": "\"1\"",
    "feedback-turk_id": "\"0\"",
    "feedback-comments": "\"thanks\"",
    "workerId": "0",
    "assignmentId": "ASSIGNMENT_ID_NOT_AVAILABLE"
}