{
    "mouseevents-events": null,
    "demographics-turk_id": "\"0\"",
    "demographics-assignment_id": "\"ASSIGNMENT_ID_NOT_AVAILABLE\"",
    "demographics-age": "\"37\"",
    "demographics-gender": "\"F\"",
    "demographics-computer_experience": "\"2\"",
    "demographics-investment_experience": "\"1\"",
    "demographics-interfaceName": "\"no_sa\"",
    "pretest-pretest": "\"2\"",
    "pretest-turk_id": "\"0\"",
    "pretest-step": "\"\"",
    "pretest-exp_return": "\"150.08853192100003\"",
    "pretest-exp_risk": "\"49.05418826058876\"",
    "pretest-starting_cash": "\"10000\"",
    "pretest-a1": "\"54.26591\"",
    "pretest-a2": "\"2482.266\"",
    "pretest-a3": "\"1530.7153\"",
    "pretest-a4": "\"1907.8152\"",
    "pretest-a5": "\"4024.937\"",
    "pretest-remaining_cash": "\"0\"",
    "timing-1-turkId": "\"0\"",
    "timing-1-step": "\"1\"",
    "timing-1-totalTime": "252515",
    "portfolio-1-turk_id": "\"0\"",
    "portfolio-1-step": "\"1\"",
    "portfolio-1-exp_return": "\"142.94\"",
    "portfolio-1-exp_risk": "\"40.54098741392001\"",
    "portfolio-1-starting_cash": "\"10000\"",
    "portfolio-1-a1": "\"2000\"",
    "portfolio-1-a2": "\"2800\"",
    "portfolio-1-a3": "\"2000\"",
    "portfolio-1-a4": "\"2300\"",
    "portfolio-1-a5": "\"900\"",
    "portfolio-1-remaining_cash": "\"0\"",
    "portfolio-1-stockReturns": "[{\"investment\":2000,\"return\":23.671569964765115},{\"investment\":2800,\"return\":23.052707893609692},{\"investment\":2000,\"return\":43.546388529424426},{\"investment\":2300,\"return\":35.808645695707455},{\"investment\":900,\"return\":17.391755692866386}]",
    "portfolio-1-startingCash": "10000",
    "portfolio-1-remainingCash": "10143.471067776372",
    "timing-2-turkId": "\"0\"",
    "timing-2-step": "\"2\"",
    "timing-2-totalTime": "89803",
    "portfolio-2-turk_id": "\"0\"",
    "portfolio-2-step": "\"2\"",
    "portfolio-2-exp_return": "\"144.70003799999998\"",
    "portfolio-2-exp_risk": "\"47.36762574907808\"",
    "portfolio-2-starting_cash": "\"10143\"",
    "portfolio-2-a1": "\"5071.5\"",
    "portfolio-2-a2": "\"4260.06\"",
    "portfolio-2-a3": "\"0\"",
    "portfolio-2-a4": "\"202.86\"",
    "portfolio-2-a5": "\"608.5799999999981\"",
    "portfolio-2-remaining_cash": "\"0\"",
    "portfolio-2-stockReturns": "[{\"investment\":5071.5,\"return\":76.87371692411807},{\"investment\":4260.06,\"return\":68.55260021947393},{\"investment\":0,\"return\":0},{\"investment\":202.86,\"return\":2.192951135716105},{\"investment\":608.5799999999981,\"return\":5.109709048850837}]",
    "portfolio-2-startingCash": "10142.999999999998",
    "portfolio-2-remainingCash": "10295.728977328157",
    "timing-3-turkId": "\"0\"",
    "timing-3-step": "\"3\"",
    "timing-3-totalTime": "54654",
    "portfolio-3-turk_id": "\"0\"",
    "portfolio-3-step": "\"3\"",
    "portfolio-3-exp_return": "\"146.141424\"",
    "portfolio-3-exp_risk": "\"44.07647740989293\"",
    "portfolio-3-starting_cash": "\"10296\"",
    "portfolio-3-a1": "\"3397.6799999999994\"",
    "portfolio-3-a2": "\"2676.96\"",
    "portfolio-3-a3": "\"2574\"",
    "portfolio-3-a4": "\"1544.4\"",
    "portfolio-3-a5": "\"102.96\"",
    "portfolio-3-remaining_cash": "\"0\"",
    "portfolio-3-stockReturns": "[{\"investment\":3397.6799999999994,\"return\":48.20780642305326},{\"investment\":2676.96,\"return\":34.91277467820479},{\"investment\":2574,\"return\":40.52966290851149},{\"investment\":1544.4,\"return\":28.354198221318395},{\"investment\":102.96,\"return\":2.108103208700224}]",
    "portfolio-3-startingCash": "10296",
    "portfolio-3-remainingCash": "10450.112545439788",
    "timing-4-turkId": "\"0\"",
    "timing-4-step": "\"4\"",
    "timing-4-totalTime": "41627",
    "portfolio-4-turk_id": "\"0\"",
    "portfolio-4-step": "\"4\"",
    "portfolio-4-exp_return": "\"148.54675\"",
    "portfolio-4-exp_risk": "\"42.52432210471059\"",
    "portfolio-4-starting_cash": "\"10450\"",
    "portfolio-4-a1": "\"3344\"",
    "portfolio-4-a2": "\"3448.5\"",
    "portfolio-4-a3": "\"940.5\"",
    "portfolio-4-a4": "\"1985.5\"",
    "portfolio-4-a5": "\"731.5\"",
    "portfolio-4-remaining_cash": "\"0\"",
    "portfolio-4-stockReturns": "[{\"investment\":3344,\"return\":29.93294868578794},{\"investment\":3448.5,\"return\":42.02961820850651},{\"investment\":940.5,\"return\":26.42067941320714},{\"investment\":1985.5,\"return\":31.22891869958421},{\"investment\":731.5,\"return\":12.451249426586708}]",
    "portfolio-4-startingCash": "10450",
    "portfolio-4-remainingCash": "10592.063414433672",
    "timing-5-turkId": "\"0\"",
    "timing-5-step": "\"5\"",
    "timing-5-totalTime": "45746",
    "portfolio-5-turk_id": "\"0\"",
    "portfolio-5-step": "\"5\"",
    "portfolio-5-exp_return": "\"152.84256\"",
    "portfolio-5-exp_risk": "\"48.408342939186944\"",
    "portfolio-5-starting_cash": "\"10592\"",
    "portfolio-5-a1": "\"4130.88\"",
    "portfolio-5-a2": "\"2012.4799999999995\"",
    "portfolio-5-a3": "\"529.6\"",
    "portfolio-5-a4": "\"2012.48\"",
    "portfolio-5-a5": "\"1906.56\"",
    "portfolio-5-remaining_cash": "\"0\"",
    "portfolio-5-stockReturns": "[{\"investment\":4130.88,\"return\":94.3579323144336},{\"investment\":2012.4799999999995,\"return\":24.87929461018463},{\"investment\":529.6,\"return\":4.802272094027332},{\"investment\":2012.48,\"return\":14.463049401549323},{\"investment\":1906.56,\"return\":35.97533219005943}]",
    "portfolio-5-startingCash": "10592",
    "portfolio-5-remainingCash": "10766.477880610255",
    "qualification-turk_id": "\"0\"",
    "qualification-q1": "\"5\"",
    "qualification-q3": "\"2\"",
    "qualification-q4": "\"3\"",
    "confidence-turk_id": "\"0\"",
    "confidence-q1": "\"7\"",
    "confidence-q2": "\"7\"",
    "confidence-q3": "\"7\"",
    "confidence-q4": "\"6\"",
    "confidence-q5": "\"6\"",
    "financial_literacy-turk_id": "\"0\"",
    "financial_literacy-q1": "\"1\"",
    "financial_literacy-q2": "\"5\"",
    "financial_literacy-q3": "\"4\"",
    "financial_literacy-q4": "\"1\"",
    "financial_literacy-q5": "\"2\"",
    "financial_literacy-q6": "\"2\"",
    "financial_literacy-q7": "\"1\"",
    "financial_literacy-q8": "\"6\"",
    "financial_literacy-q9": "\"6\"",
    "financial_literacy-q10": "\"6\"",
    "need_for_cognition-turk_id": "\"0\"",
    "need_for_cognition-q1": "\"-3\"",
    "need_for_cognition-q2": "\"0\"",
    "need_for_cognition-q3": "\"-2\"",
    "need_for_cognition-q4": "\"-3\"",
    "need_for_cognition-q5": "\"-3\"",
    "need_for_cognition-q6": "\"1\"",
    "need_for_cognition-q7": "\"-3\"",
    "need_for_cognition-q8": "\"-2\"",
    "need_for_cognition-q9": "\"-2\"",
    "need_for_cognition-q10": "\"2\"",
    "need_for_cognition-q11": "\"2\"",
    "need_for_cognition-q12": "\"-3\"",
    "need_for_cognition-q13": "\"2\"",
    "need_for_cognition-q14": "\"1\"",
    "need_for_cognition-q15": "\"2\"",
    "need_for_cognition-q16": "\"-2\"",
    "need_for_cognition-q17": "\"-3\"",
    "need_for_cognition-q18": "\"-2\"",
    "feedback-turk_id": "\"0\"",
    "feedback-comments": "\"\"",
    "workerId": "0",
    "assignmentId": "ASSIGNMENT_ID_NOT_AVAILABLE"
}