{
    "mouseevents-events": null,
    "demographics-turk_id": "\"0\"",
    "demographics-assignment_id": "\"ASSIGNMENT_ID_NOT_AVAILABLE\"",
    "demographics-age": "\"19\"",
    "demographics-gender": "\"M\"",
    "demographics-computer_experience": "\"2\"",
    "demographics-investment_experience": "\"1\"",
    "demographics-interfaceName": "\"no_sa\"",
    "pretest-pretest": "\"2\"",
    "pretest-turk_id": "\"0\"",
    "pretest-step": "\"\"",
    "pretest-exp_return": "\"150.08853192100003\"",
    "pretest-exp_risk": "\"49.05418826058876\"",
    "pretest-starting_cash": "\"10000\"",
    "pretest-a1": "\"54.26591\"",
    "pretest-a2": "\"2482.266\"",
    "pretest-a3": "\"1530.7153\"",
    "pretest-a4": "\"1907.8152\"",
    "pretest-a5": "\"4024.937\"",
    "pretest-remaining_cash": "\"0\"",
    "timing-1-turkId": "\"0\"",
    "timing-1-step": "\"1\"",
    "timing-1-totalTime": "66577",
    "portfolio-1-turk_id": "\"0\"",
    "portfolio-1-step": "\"1\"",
    "portfolio-1-exp_return": "\"149.54000000000002\"",
    "portfolio-1-exp_risk": "\"50.31179408416\"",
    "portfolio-1-starting_cash": "\"10000\"",
    "portfolio-1-a1": "\"0\"",
    "portfolio-1-a2": "\"700\"",
    "portfolio-1-a3": "\"1600\"",
    "portfolio-1-a4": "\"3400\"",
    "portfolio-1-a5": "\"4300\"",
    "portfolio-1-remaining_cash": "\"0\"",
    "portfolio-1-stockReturns": "[{\"investment\":0,\"return\":0},{\"investment\":700,\"return\":9.941435457712513},{\"investment\":1600,\"return\":26.10393810018776},{\"investment\":3400,\"return\":55.64588720190082},{\"investment\":4300,\"return\":90.71581373952016}]",
    "portfolio-1-startingCash": "10000",
    "portfolio-1-remainingCash": "10182.40707449932",
    "timing-2-turkId": "\"0\"",
    "timing-2-step": "\"2\"",
    "timing-2-totalTime": "42552",
    "portfolio-2-turk_id": "\"0\"",
    "portfolio-2-step": "\"2\"",
    "portfolio-2-exp_return": "\"142.008354\"",
    "portfolio-2-exp_risk": "\"42.916530799848545\"",
    "portfolio-2-starting_cash": "\"10182\"",
    "portfolio-2-a1": "\"4581.9\"",
    "portfolio-2-a2": "\"2952.78\"",
    "portfolio-2-a3": "\"0\"",
    "portfolio-2-a4": "\"2647.32\"",
    "portfolio-2-a5": "\"0\"",
    "portfolio-2-remaining_cash": "\"0\"",
    "portfolio-2-stockReturns": "[{\"investment\":4581.9,\"return\":60.84298551729378},{\"investment\":2952.78,\"return\":50.20881877280861},{\"investment\":0,\"return\":0},{\"investment\":2647.32,\"return\":43.16668504648728},{\"investment\":0,\"return\":0}]",
    "portfolio-2-startingCash": "10182",
    "portfolio-2-remainingCash": "10336.21848933659",
    "timing-3-turkId": "\"0\"",
    "timing-3-step": "\"3\"",
    "timing-3-totalTime": "50053",
    "portfolio-3-turk_id": "\"0\"",
    "portfolio-3-step": "\"3\"",
    "portfolio-3-exp_return": "\"149.417216\"",
    "portfolio-3-exp_risk": "\"50.71547249221375\"",
    "portfolio-3-starting_cash": "\"10336\"",
    "portfolio-3-a1": "\"0\"",
    "portfolio-3-a2": "\"0\"",
    "portfolio-3-a3": "\"4341.12\"",
    "portfolio-3-a4": "\"4237.760000000001\"",
    "portfolio-3-a5": "\"1757.119999999999\"",
    "portfolio-3-remaining_cash": "\"0\"",
    "portfolio-3-stockReturns": "[{\"investment\":0,\"return\":0},{\"investment\":0,\"return\":0},{\"investment\":4341.12,\"return\":47.677436190591514},{\"investment\":4237.760000000001,\"return\":61.21876649039041},{\"investment\":1757.119999999999,\"return\":25.72299771068771}]",
    "portfolio-3-startingCash": "10336",
    "portfolio-3-remainingCash": "10470.61920039167",
    "timing-4-turkId": "\"0\"",
    "timing-4-step": "\"4\"",
    "timing-4-totalTime": "15369",
    "portfolio-4-turk_id": "\"0\"",
    "portfolio-4-step": "\"4\"",
    "portfolio-4-exp_return": "\"148.31124400000002\"",
    "portfolio-4-exp_risk": "\"46.281398453958516\"",
    "portfolio-4-starting_cash": "\"10471\"",
    "portfolio-4-a1": "\"3769.56\"",
    "portfolio-4-a2": "\"6701.4400000000005\"",
    "portfolio-4-a3": "\"0\"",
    "portfolio-4-a4": "\"0\"",
    "portfolio-4-a5": "\"0\"",
    "portfolio-4-remaining_cash": "\"0\"",
    "portfolio-4-stockReturns": "[{\"investment\":3769.56,\"return\":72.36388781812873},{\"investment\":6701.4400000000005,\"return\":91.44791473673612},{\"investment\":0,\"return\":0},{\"investment\":0,\"return\":0},{\"investment\":0,\"return\":0}]",
    "portfolio-4-startingCash": "10471",
    "portfolio-4-remainingCash": "10634.811802554865",
    "timing-5-turkId": "\"0\"",
    "timing-5-step": "\"5\"",
    "timing-5-totalTime": "21505",
    "portfolio-5-turk_id": "\"0\"",
    "portfolio-5-step": "\"5\"",
    "portfolio-5-exp_return": "\"155.37735\"",
    "portfolio-5-exp_risk": "\"47.65110829480091\"",
    "portfolio-5-starting_cash": "\"10635\"",
    "portfolio-5-a1": "\"1595.25\"",
    "portfolio-5-a2": "\"1595.25\"",
    "portfolio-5-a3": "\"2658.75\"",
    "portfolio-5-a4": "\"2446.05\"",
    "portfolio-5-a5": "\"2339.7\"",
    "portfolio-5-remaining_cash": "\"0\"",
    "portfolio-5-stockReturns": "[{\"investment\":1595.25,\"return\":21.642744771356444},{\"investment\":1595.25,\"return\":20.296807325073825},{\"investment\":2658.75,\"return\":36.97053944076578},{\"investment\":2446.05,\"return\":28.054439739844053},{\"investment\":2339.7,\"return\":33.78436312086241}]",
    "portfolio-5-startingCash": "10635",
    "portfolio-5-remainingCash": "10775.748894397902",
    "qualification-turk_id": "\"0\"",
    "qualification-q1": "\"5\"",
    "qualification-q3": "\"2\"",
    "qualification-q4": "\"3\"",
    "confidence-turk_id": "\"0\"",
    "confidence-q1": "\"5\"",
    "confidence-q2": "\"6\"",
    "confidence-q3": "\"7\"",
    "confidence-q4": "\"5\"",
    "confidence-q5": "\"6\"",
    "financial_literacy-turk_id": "\"0\"",
    "financial_literacy-q1": "\"3\"",
    "financial_literacy-q2": "\"4\"",
    "financial_literacy-q3": "\"4\"",
    "financial_literacy-q4": "\"5\"",
    "financial_literacy-q5": "\"2\"",
    "financial_literacy-q6": "\"5\"",
    "financial_literacy-q7": "\"2\"",
    "financial_literacy-q8": "\"6\"",
    "financial_literacy-q9": "\"6\"",
    "financial_literacy-q10": "\"6\"",
    "need_for_cognition-turk_id": "\"0\"",
    "need_for_cognition-q1": "\"1\"",
    "need_for_cognition-q2": "\"1\"",
    "need_for_cognition-q3": "\"-3\"",
    "need_for_cognition-q4": "\"2\"",
    "need_for_cognition-q5": "\"-3\"",
    "need_for_cognition-q6": "\"0\"",
    "need_for_cognition-q7": "\"0\"",
    "need_for_cognition-q8": "\"-3\"",
    "need_for_cognition-q9": "\"1\"",
    "need_for_cognition-q10": "\"3\"",
    "need_for_cognition-q11": "\"2\"",
    "need_for_cognition-q12": "\"-3\"",
    "need_for_cognition-q13": "\"0\"",
    "need_for_cognition-q14": "\"1\"",
    "need_for_cognition-q15": "\"2\"",
    "need_for_cognition-q16": "\"0\"",
    "need_for_cognition-q17": "\"-4\"",
    "need_for_cognition-q18": "\"1\"",
    "feedback-turk_id": "\"0\"",
    "feedback-comments": "\"\"",
    "workerId": "0",
    "assignmentId": "ASSIGNMENT_ID_NOT_AVAILABLE"
}