{
    "mouseevents-events": null,
    "demographics-turk_id": "\"0\"",
    "demographics-assignment_id": "\"ASSIGNMENT_ID_NOT_AVAILABLE\"",
    "demographics-age": "\"26\"",
    "demographics-gender": "\"M\"",
    "demographics-computer_experience": "\"3\"",
    "demographics-investment_experience": "\"1\"",
    "demographics-interfaceName": "\"no_sa\"",
    "pretest-pretest": "\"2\"",
    "pretest-turk_id": "\"0\"",
    "pretest-step": "\"\"",
    "pretest-exp_return": "\"150.08853192100003\"",
    "pretest-exp_risk": "\"49.05418826058876\"",
    "pretest-starting_cash": "\"10000\"",
    "pretest-a1": "\"54.26591\"",
    "pretest-a2": "\"2482.266\"",
    "pretest-a3": "\"1530.7153\"",
    "pretest-a4": "\"1907.8152\"",
    "pretest-a5": "\"4024.937\"",
    "pretest-remaining_cash": "\"0\"",
    "timing-1-turkId": "\"0\"",
    "timing-1-step": "\"1\"",
    "timing-1-totalTime": "147200",
    "portfolio-1-turk_id": "\"0\"",
    "portfolio-1-step": "\"1\"",
    "portfolio-1-exp_return": "\"148.50000000000003\"",
    "portfolio-1-exp_risk": "\"48.076945455840004\"",
    "portfolio-1-starting_cash": "\"10000\"",
    "portfolio-1-a1": "\"0\"",
    "portfolio-1-a2": "\"900\"",
    "portfolio-1-a3": "\"1600\"",
    "portfolio-1-a4": "\"3600\"",
    "portfolio-1-a5": "\"3900\"",
    "portfolio-1-remaining_cash": "\"0\"",
    "portfolio-1-stockReturns": "[{\"investment\":0,\"return\":0},{\"investment\":900,\"return\":11.251561553583059},{\"investment\":1600,\"return\":26.409238682531438},{\"investment\":3600,\"return\":53.96328869282822},{\"investment\":3900,\"return\":34.956707215854}]",
    "portfolio-1-startingCash": "10000",
    "portfolio-1-remainingCash": "10126.580796144797",
    "timing-2-turkId": "\"0\"",
    "timing-2-step": "\"2\"",
    "timing-2-totalTime": "133131",
    "portfolio-2-turk_id": "\"0\"",
    "portfolio-2-step": "\"2\"",
    "portfolio-2-exp_return": "\"148.41118500000002\"",
    "portfolio-2-exp_risk": "\"44.179196052727384\"",
    "portfolio-2-starting_cash": "\"10127\"",
    "portfolio-2-a1": "\"0\"",
    "portfolio-2-a2": "\"4253.34\"",
    "portfolio-2-a3": "\"1316.5100000000002\"",
    "portfolio-2-a4": "\"2025.4\"",
    "portfolio-2-a5": "\"2531.75\"",
    "portfolio-2-remaining_cash": "\"0\"",
    "portfolio-2-stockReturns": "[{\"investment\":0,\"return\":0},{\"investment\":4253.34,\"return\":52.08466329637308},{\"investment\":1316.5100000000002,\"return\":23.208968519642127},{\"investment\":2025.4,\"return\":29.449371189821086},{\"investment\":2531.75,\"return\":23.49451661641222}]",
    "portfolio-2-startingCash": "10127",
    "portfolio-2-remainingCash": "10255.23751962225",
    "timing-3-turkId": "\"0\"",
    "timing-3-step": "\"3\"",
    "timing-3-totalTime": "131290",
    "portfolio-3-turk_id": "\"0\"",
    "portfolio-3-step": "\"3\"",
    "portfolio-3-exp_return": "\"150.64595000000003\"",
    "portfolio-3-exp_risk": "\"46.43878735991599\"",
    "portfolio-3-starting_cash": "\"10255\"",
    "portfolio-3-a1": "\"0\"",
    "portfolio-3-a2": "\"3076.5\"",
    "portfolio-3-a3": "\"0\"",
    "portfolio-3-a4": "\"3589.25\"",
    "portfolio-3-a5": "\"3589.25\"",
    "portfolio-3-remaining_cash": "\"0\"",
    "portfolio-3-stockReturns": "[{\"investment\":0,\"return\":0},{\"investment\":3076.5,\"return\":38.65625688119834},{\"investment\":0,\"return\":0},{\"investment\":3589.25,\"return\":40.44280734439596},{\"investment\":3589.25,\"return\":63.51730319354484}]",
    "portfolio-3-startingCash": "10255",
    "portfolio-3-remainingCash": "10397.61636741914",
    "timing-4-turkId": "\"0\"",
    "timing-4-step": "\"4\"",
    "timing-4-totalTime": "117109",
    "portfolio-4-turk_id": "\"0\"",
    "portfolio-4-step": "\"4\"",
    "portfolio-4-exp_return": "\"151.10373600000003\"",
    "portfolio-4-exp_risk": "\"43.726866495978626\"",
    "portfolio-4-starting_cash": "\"10398\"",
    "portfolio-4-a1": "\"1351.74\"",
    "portfolio-4-a2": "\"2599.5\"",
    "portfolio-4-a3": "\"727.8600000000006\"",
    "portfolio-4-a4": "\"3119.4\"",
    "portfolio-4-a5": "\"2599.5\"",
    "portfolio-4-remaining_cash": "\"0\"",
    "portfolio-4-stockReturns": "[{\"investment\":1351.74,\"return\":15.46308913827173},{\"investment\":2599.5,\"return\":55.14052527673887},{\"investment\":727.8600000000006,\"return\":16.392183276837578},{\"investment\":3119.4,\"return\":27.587098822525768},{\"investment\":2599.5,\"return\":40.52749446093785}]",
    "portfolio-4-startingCash": "10398",
    "portfolio-4-remainingCash": "10553.110390975311",
    "timing-5-turkId": "\"0\"",
    "timing-5-step": "\"5\"",
    "timing-5-totalTime": "83675",
    "portfolio-5-turk_id": "\"0\"",
    "portfolio-5-step": "\"5\"",
    "portfolio-5-exp_return": "\"152.955182\"",
    "portfolio-5-exp_risk": "\"46.08901178984111\"",
    "portfolio-5-starting_cash": "\"10553\"",
    "portfolio-5-a1": "\"0\"",
    "portfolio-5-a2": "\"1055.300000000001\"",
    "portfolio-5-a3": "\"1899.54\"",
    "portfolio-5-a4": "\"4854.379999999999\"",
    "portfolio-5-a5": "\"2743.78\"",
    "portfolio-5-remaining_cash": "\"0\"",
    "portfolio-5-stockReturns": "[{\"investment\":0,\"return\":0},{\"investment\":1055.300000000001,\"return\":16.46070587433884},{\"investment\":1899.54,\"return\":31.156465445736597},{\"investment\":4854.379999999999,\"return\":76.28558658248289},{\"investment\":2743.78,\"return\":34.40298065745901}]",
    "portfolio-5-startingCash": "10553.000000000002",
    "portfolio-5-remainingCash": "10711.305738560019",
    "qualification-turk_id": "\"0\"",
    "qualification-q1": "\"5\"",
    "qualification-q3": "\"2\"",
    "qualification-q4": "\"3\"",
    "confidence-turk_id": "\"0\"",
    "confidence-q1": "\"5\"",
    "confidence-q2": "\"5\"",
    "confidence-q3": "\"3\"",
    "confidence-q4": "\"4\"",
    "confidence-q5": "\"5\"",
    "financial_literacy-turk_id": "\"0\"",
    "financial_literacy-q1": "\"3\"",
    "financial_literacy-q2": "\"4\"",
    "financial_literacy-q3": "\"1\"",
    "financial_literacy-q4": "\"1\"",
    "financial_literacy-q5": "\"1\"",
    "financial_literacy-q6": "\"5\"",
    "financial_literacy-q7": "\"2\"",
    "financial_literacy-q8": "\"1\"",
    "financial_literacy-q9": "\"1\"",
    "financial_literacy-q10": "\"3\"",
    "need_for_cognition-turk_id": "\"0\"",
    "need_for_cognition-q1": "\"3\"",
    "need_for_cognition-q2": "\"3\"",
    "need_for_cognition-q3": "\"-4\"",
    "need_for_cognition-q4": "\"-4\"",
    "need_for_cognition-q5": "\"-4\"",
    "need_for_cognition-q6": "\"2\"",
    "need_for_cognition-q7": "\"-3\"",
    "need_for_cognition-q8": "\"0\"",
    "need_for_cognition-q9": "\"-3\"",
    "need_for_cognition-q10": "\"4\"",
    "need_for_cognition-q11": "\"3\"",
    "need_for_cognition-q12": "\"-4\"",
    "need_for_cognition-q13": "\"2\"",
    "need_for_cognition-q14": "\"3\"",
    "need_for_cognition-q15": "\"3\"",
    "need_for_cognition-q16": "\"-3\"",
    "need_for_cognition-q17": "\"-4\"",
    "need_for_cognition-q18": "\"3\"",
    "feedback-turk_id": "\"0\"",
    "feedback-comments": "\"\"",
    "workerId": "0",
    "assignmentId": "ASSIGNMENT_ID_NOT_AVAILABLE"
}