{
    "mouseevents-events": null,
    "demographics-turk_id": "\"0\"",
    "demographics-assignment_id": "\"ASSIGNMENT_ID_NOT_AVAILABLE\"",
    "demographics-age": "\"17\"",
    "demographics-gender": "\"M\"",
    "demographics-computer_experience": "\"2\"",
    "demographics-investment_experience": "\"1\"",
    "demographics-interfaceName": "\"no_sa\"",
    "pretest-pretest": "\"2\"",
    "pretest-turk_id": "\"0\"",
    "pretest-step": "\"\"",
    "pretest-exp_return": "\"150.08853192100003\"",
    "pretest-exp_risk": "\"49.05418826058876\"",
    "pretest-starting_cash": "\"10000\"",
    "pretest-a1": "\"54.26591\"",
    "pretest-a2": "\"2482.266\"",
    "pretest-a3": "\"1530.7153\"",
    "pretest-a4": "\"1907.8152\"",
    "pretest-a5": "\"4024.937\"",
    "pretest-remaining_cash": "\"0\"",
    "timing-1-turkId": "\"0\"",
    "timing-1-step": "\"1\"",
    "timing-1-totalTime": "239661",
    "portfolio-1-turk_id": "\"0\"",
    "portfolio-1-step": "\"1\"",
    "portfolio-1-exp_return": "\"144.92\"",
    "portfolio-1-exp_risk": "\"44.15739065024\"",
    "portfolio-1-starting_cash": "\"10000\"",
    "portfolio-1-a1": "\"600\"",
    "portfolio-1-a2": "\"600\"",
    "portfolio-1-a3": "\"2400\"",
    "portfolio-1-a4": "\"4100\"",
    "portfolio-1-a5": "\"2300\"",
    "portfolio-1-remaining_cash": "\"0\"",
    "portfolio-1-stockReturns": "[{\"investment\":600,\"return\":8.768434006348263},{\"investment\":600,\"return\":6.317731928525494},{\"investment\":2400,\"return\":46.367363452091475},{\"investment\":4100,\"return\":64.21994546793844},{\"investment\":2300,\"return\":56.47826386160555}]",
    "portfolio-1-startingCash": "10000",
    "portfolio-1-remainingCash": "10182.15173871651",
    "timing-2-turkId": "\"0\"",
    "timing-2-step": "\"2\"",
    "timing-2-totalTime": "52303",
    "portfolio-2-turk_id": "\"0\"",
    "portfolio-2-step": "\"2\"",
    "portfolio-2-exp_return": "\"145.867332\"",
    "portfolio-2-exp_risk": "\"44.941600355573705\"",
    "portfolio-2-starting_cash": "\"10182\"",
    "portfolio-2-a1": "\"1120.0200000000004\"",
    "portfolio-2-a2": "\"0\"",
    "portfolio-2-a3": "\"305.46\"",
    "portfolio-2-a4": "\"6007.38\"",
    "portfolio-2-a5": "\"2749.14\"",
    "portfolio-2-remaining_cash": "\"0\"",
    "portfolio-2-stockReturns": "[{\"investment\":1120.0200000000004,\"return\":18.509622183240356},{\"investment\":0,\"return\":0},{\"investment\":305.46,\"return\":1.5030335286487535},{\"investment\":6007.38,\"return\":84.02857222474651},{\"investment\":2749.14,\"return\":14.705532029581097}]",
    "portfolio-2-startingCash": "10182",
    "portfolio-2-remainingCash": "10300.746759966216",
    "timing-3-turkId": "\"0\"",
    "timing-3-step": "\"3\"",
    "timing-3-totalTime": "72093",
    "portfolio-3-turk_id": "\"0\"",
    "portfolio-3-step": "\"3\"",
    "portfolio-3-exp_return": "\"153.54670600000003\"",
    "portfolio-3-exp_risk": "\"49.627298731540996\"",
    "portfolio-3-starting_cash": "\"10301\"",
    "portfolio-3-a1": "\"0\"",
    "portfolio-3-a2": "\"4326.42\"",
    "portfolio-3-a3": "\"0\"",
    "portfolio-3-a4": "\"1957.1900000000005\"",
    "portfolio-3-a5": "\"4017.39\"",
    "portfolio-3-remaining_cash": "\"0\"",
    "portfolio-3-stockReturns": "[{\"investment\":0,\"return\":0},{\"investment\":4326.42,\"return\":58.37302554649163},{\"investment\":0,\"return\":0},{\"investment\":1957.1900000000005,\"return\":16.27768427602241},{\"investment\":4017.39,\"return\":88.22133531235028}]",
    "portfolio-3-startingCash": "10301",
    "portfolio-3-remainingCash": "10463.872045134864",
    "timing-4-turkId": "\"0\"",
    "timing-4-step": "\"4\"",
    "timing-4-totalTime": "35767",
    "portfolio-4-turk_id": "\"0\"",
    "portfolio-4-step": "\"4\"",
    "portfolio-4-exp_return": "\"142.394112\"",
    "portfolio-4-exp_risk": "\"50.38175318724711\"",
    "portfolio-4-starting_cash": "\"10464\"",
    "portfolio-4-a1": "\"0\"",
    "portfolio-4-a2": "\"2720.64\"",
    "portfolio-4-a3": "\"0\"",
    "portfolio-4-a4": "\"7743.360000000001\"",
    "portfolio-4-a5": "\"0\"",
    "portfolio-4-remaining_cash": "\"0\"",
    "portfolio-4-stockReturns": "[{\"investment\":0,\"return\":0},{\"investment\":2720.64,\"return\":36.91308397940374},{\"investment\":0,\"return\":0},{\"investment\":7743.360000000001,\"return\":103.32124865716699},{\"investment\":0,\"return\":0}]",
    "portfolio-4-startingCash": "10464",
    "portfolio-4-remainingCash": "10604.23433263657",
    "timing-5-turkId": "\"0\"",
    "timing-5-step": "\"5\"",
    "timing-5-totalTime": "37269",
    "portfolio-5-turk_id": "\"0\"",
    "portfolio-5-step": "\"5\"",
    "portfolio-5-exp_return": "\"150.48136399999999\"",
    "portfolio-5-exp_risk": "\"47.63314795203517\"",
    "portfolio-5-starting_cash": "\"10604\"",
    "portfolio-5-a1": "\"0\"",
    "portfolio-5-a2": "\"5832.2\"",
    "portfolio-5-a3": "\"2863.08\"",
    "portfolio-5-a4": "\"1908.72\"",
    "portfolio-5-a5": "\"0\"",
    "portfolio-5-remaining_cash": "\"0\"",
    "portfolio-5-stockReturns": "[{\"investment\":0,\"return\":0},{\"investment\":5832.2,\"return\":93.01800663759049},{\"investment\":2863.08,\"return\":46.49412217946908},{\"investment\":1908.72,\"return\":22.307647902529904},{\"investment\":0,\"return\":0}]",
    "portfolio-5-startingCash": "10604",
    "portfolio-5-remainingCash": "10765.819776719589",
    "qualification-turk_id": "\"0\"",
    "qualification-q1": "\"5\"",
    "qualification-q3": "\"2\"",
    "qualification-q4": "\"3\"",
    "confidence-turk_id": "\"0\"",
    "confidence-q1": "\"6\"",
    "confidence-q2": "\"6\"",
    "confidence-q3": "\"7\"",
    "confidence-q4": "\"5\"",
    "confidence-q5": "\"6\"",
    "financial_literacy-turk_id": "\"0\"",
    "financial_literacy-q1": "\"3\"",
    "financial_literacy-q2": "\"3\"",
    "financial_literacy-q3": "\"1\"",
    "financial_literacy-q4": "\"1\"",
    "financial_literacy-q5": "\"1\"",
    "financial_literacy-q6": "\"2\"",
    "financial_literacy-q7": "\"1\"",
    "financial_literacy-q8": "\"1\"",
    "financial_literacy-q9": "\"3\"",
    "financial_literacy-q10": "\"4\"",
    "need_for_cognition-turk_id": "\"0\"",
    "need_for_cognition-q1": "\"-4\"",
    "need_for_cognition-q2": "\"4\"",
    "need_for_cognition-q3": "\"-3\"",
    "need_for_cognition-q4": "\"-3\"",
    "need_for_cognition-q5": "\"-1\"",
    "need_for_cognition-q6": "\"1\"",
    "need_for_cognition-q7": "\"-1\"",
    "need_for_cognition-q8": "\"0\"",
    "need_for_cognition-q9": "\"-1\"",
    "need_for_cognition-q10": "\"3\"",
    "need_for_cognition-q11": "\"4\"",
    "need_for_cognition-q12": "\"-4\"",
    "need_for_cognition-q13": "\"2\"",
    "need_for_cognition-q14": "\"1\"",
    "need_for_cognition-q15": "\"1\"",
    "need_for_cognition-q16": "\"-1\"",
    "need_for_cognition-q17": "\"-2\"",
    "need_for_cognition-q18": "\"-2\"",
    "feedback-turk_id": "\"0\"",
    "feedback-comments": "\"Ive learned that a pollster shouldnt provide a middle option so participants have to decide either\/or for clearer results. Maybe something to think about.\"",
    "workerId": "0",
    "assignmentId": "ASSIGNMENT_ID_NOT_AVAILABLE"
}