{
    "mouseevents-events": null,
    "demographics-turk_id": "\"0\"",
    "demographics-assignment_id": "\"ASSIGNMENT_ID_NOT_AVAILABLE\"",
    "demographics-age": "\"17\"",
    "demographics-gender": "\"F\"",
    "demographics-computer_experience": "\"2\"",
    "demographics-investment_experience": "\"1\"",
    "demographics-interfaceName": "\"no_sa\"",
    "pretest-pretest": "\"2\"",
    "pretest-turk_id": "\"0\"",
    "pretest-step": "\"\"",
    "pretest-exp_return": "\"150.08853192100003\"",
    "pretest-exp_risk": "\"49.05418826058876\"",
    "pretest-starting_cash": "\"10000\"",
    "pretest-a1": "\"54.26591\"",
    "pretest-a2": "\"2482.266\"",
    "pretest-a3": "\"1530.7153\"",
    "pretest-a4": "\"1907.8152\"",
    "pretest-a5": "\"4024.937\"",
    "pretest-remaining_cash": "\"0\"",
    "timing-1-turkId": "\"0\"",
    "timing-1-step": "\"1\"",
    "timing-1-totalTime": "135134",
    "portfolio-1-turk_id": "\"0\"",
    "portfolio-1-step": "\"1\"",
    "portfolio-1-exp_return": "\"144.64000000000001\"",
    "portfolio-1-exp_risk": "\"41.30236358864\"",
    "portfolio-1-starting_cash": "\"10000\"",
    "portfolio-1-a1": "\"1600\"",
    "portfolio-1-a2": "\"2500\"",
    "portfolio-1-a3": "\"1400\"",
    "portfolio-1-a4": "\"2600\"",
    "portfolio-1-a5": "\"1900\"",
    "portfolio-1-remaining_cash": "\"0\"",
    "portfolio-1-stockReturns": "[{\"investment\":1600,\"return\":14.971369571018014},{\"investment\":2500,\"return\":18.158017676632184},{\"investment\":1400,\"return\":13.109714303311586},{\"investment\":2600,\"return\":33.462236414955086},{\"investment\":1900,\"return\":17.276408607191215}]",
    "portfolio-1-startingCash": "10000",
    "portfolio-1-remainingCash": "10096.977746573108",
    "timing-2-turkId": "\"0\"",
    "timing-2-step": "\"2\"",
    "timing-2-totalTime": "140528",
    "portfolio-2-turk_id": "\"0\"",
    "portfolio-2-step": "\"2\"",
    "portfolio-2-exp_return": "\"146.174269\"",
    "portfolio-2-exp_risk": "\"42.43672064683774\"",
    "portfolio-2-starting_cash": "\"10097\"",
    "portfolio-2-a1": "\"504.85\"",
    "portfolio-2-a2": "\"3029.1\"",
    "portfolio-2-a3": "\"403.88\"",
    "portfolio-2-a4": "\"3634.92\"",
    "portfolio-2-a5": "\"2524.25\"",
    "portfolio-2-remaining_cash": "\"0\"",
    "portfolio-2-stockReturns": "[{\"investment\":504.85,\"return\":3.5131780588440047},{\"investment\":3029.1,\"return\":47.40883475430161},{\"investment\":403.88,\"return\":5.378350137239885},{\"investment\":3634.92,\"return\":48.46496176704959},{\"investment\":2524.25,\"return\":33.028173029397514}]",
    "portfolio-2-startingCash": "10097",
    "portfolio-2-remainingCash": "10234.793497746832",
    "timing-3-turkId": "\"0\"",
    "timing-3-step": "\"3\"",
    "timing-3-totalTime": "167310",
    "portfolio-3-turk_id": "\"0\"",
    "portfolio-3-step": "\"3\"",
    "portfolio-3-exp_return": "\"148.22326999999999\"",
    "portfolio-3-exp_risk": "\"43.73617383827467\"",
    "portfolio-3-starting_cash": "\"10235\"",
    "portfolio-3-a1": "\"102.35\"",
    "portfolio-3-a2": "\"3275.2\"",
    "portfolio-3-a3": "\"307.0499999999993\"",
    "portfolio-3-a4": "\"3889.3\"",
    "portfolio-3-a5": "\"2661.1\"",
    "portfolio-3-remaining_cash": "\"0\"",
    "portfolio-3-stockReturns": "[{\"investment\":102.35,\"return\":1.7417830370152112},{\"investment\":3275.2,\"return\":61.645493826111405},{\"investment\":307.0499999999993,\"return\":4.45479751172482},{\"investment\":3889.3,\"return\":62.47420370532942},{\"investment\":2661.1,\"return\":67.65651309889559}]",
    "portfolio-3-startingCash": "10234.999999999998",
    "portfolio-3-remainingCash": "10432.972791179074",
    "timing-4-turkId": "\"0\"",
    "timing-4-step": "\"4\"",
    "timing-4-totalTime": "134801",
    "portfolio-4-turk_id": "\"0\"",
    "portfolio-4-step": "\"4\"",
    "portfolio-4-exp_return": "\"153.751121\"",
    "portfolio-4-exp_risk": "\"46.29930354312847\"",
    "portfolio-4-starting_cash": "\"10433\"",
    "portfolio-4-a1": "\"417.32\"",
    "portfolio-4-a2": "\"3025.57\"",
    "portfolio-4-a3": "\"938.97\"",
    "portfolio-4-a4": "\"2712.58\"",
    "portfolio-4-a5": "\"3338.5599999999995\"",
    "portfolio-4-remaining_cash": "\"0\"",
    "portfolio-4-stockReturns": "[{\"investment\":417.32,\"return\":7.031622566950584},{\"investment\":3025.57,\"return\":30.04388456761516},{\"investment\":938.97,\"return\":9.093771731835336},{\"investment\":2712.58,\"return\":23.913347515777648},{\"investment\":3338.5599999999995,\"return\":101.55495342796854}]",
    "portfolio-4-startingCash": "10433",
    "portfolio-4-remainingCash": "10604.637579810147",
    "timing-5-turkId": "\"0\"",
    "timing-5-step": "\"5\"",
    "timing-5-totalTime": "109086",
    "portfolio-5-turk_id": "\"0\"",
    "portfolio-5-step": "\"5\"",
    "portfolio-5-exp_return": "\"157.84482\"",
    "portfolio-5-exp_risk": "\"49.86186882149172\"",
    "portfolio-5-starting_cash": "\"10605\"",
    "portfolio-5-a1": "\"530.25\"",
    "portfolio-5-a2": "\"2545.2\"",
    "portfolio-5-a3": "\"954.45\"",
    "portfolio-5-a4": "\"2545.2\"",
    "portfolio-5-a5": "\"4029.9\"",
    "portfolio-5-remaining_cash": "\"0\"",
    "portfolio-5-stockReturns": "[{\"investment\":530.25,\"return\":9.027572654275458},{\"investment\":2545.2,\"return\":28.563409502441186},{\"investment\":954.45,\"return\":14.12014265326849},{\"investment\":2545.2,\"return\":28.598130432973374},{\"investment\":4029.9,\"return\":80.23387090169324}]",
    "portfolio-5-startingCash": "10605",
    "portfolio-5-remainingCash": "10765.543126144652",
    "qualification-turk_id": "\"0\"",
    "qualification-q1": "\"5\"",
    "qualification-q3": "\"2\"",
    "qualification-q4": "\"3\"",
    "confidence-turk_id": "\"0\"",
    "confidence-q1": "\"5\"",
    "confidence-q2": "\"6\"",
    "confidence-q3": "\"7\"",
    "confidence-q4": "\"5\"",
    "confidence-q5": "\"7\"",
    "financial_literacy-turk_id": "\"0\"",
    "financial_literacy-q1": "\"3\"",
    "financial_literacy-q2": "\"3\"",
    "financial_literacy-q3": "\"4\"",
    "financial_literacy-q4": "\"5\"",
    "financial_literacy-q5": "\"2\"",
    "financial_literacy-q6": "\"1\"",
    "financial_literacy-q7": "\"2\"",
    "financial_literacy-q8": "\"6\"",
    "financial_literacy-q9": "\"6\"",
    "financial_literacy-q10": "\"4\"",
    "need_for_cognition-turk_id": "\"0\"",
    "need_for_cognition-q1": "\"-4\"",
    "need_for_cognition-q2": "\"0\"",
    "need_for_cognition-q3": "\"-2\"",
    "need_for_cognition-q4": "\"-1\"",
    "need_for_cognition-q5": "\"-1\"",
    "need_for_cognition-q6": "\"-2\"",
    "need_for_cognition-q7": "\"-2\"",
    "need_for_cognition-q8": "\"2\"",
    "need_for_cognition-q9": "\"1\"",
    "need_for_cognition-q10": "\"2\"",
    "need_for_cognition-q11": "\"3\"",
    "need_for_cognition-q12": "\"-4\"",
    "need_for_cognition-q13": "\"-1\"",
    "need_for_cognition-q14": "\"1\"",
    "need_for_cognition-q15": "\"-1\"",
    "need_for_cognition-q16": "\"-3\"",
    "need_for_cognition-q17": "\"-4\"",
    "need_for_cognition-q18": "\"0\"",
    "feedback-turk_id": "\"0\"",
    "feedback-comments": "\"\"",
    "workerId": "0",
    "assignmentId": "ASSIGNMENT_ID_NOT_AVAILABLE"
}