{
    "mouseevents-events": null,
    "demographics-turk_id": "\"0\"",
    "demographics-assignment_id": "\"ASSIGNMENT_ID_NOT_AVAILABLE\"",
    "demographics-age": "\"18\"",
    "demographics-gender": "\"M\"",
    "demographics-computer_experience": "\"3\"",
    "demographics-investment_experience": "\"1\"",
    "demographics-interfaceName": "\"no_sa\"",
    "pretest-pretest": "\"2\"",
    "pretest-turk_id": "\"0\"",
    "pretest-step": "\"\"",
    "pretest-exp_return": "\"150.08853192100003\"",
    "pretest-exp_risk": "\"49.05418826058876\"",
    "pretest-starting_cash": "\"10000\"",
    "pretest-a1": "\"54.26591\"",
    "pretest-a2": "\"2482.266\"",
    "pretest-a3": "\"1530.7153\"",
    "pretest-a4": "\"1907.8152\"",
    "pretest-a5": "\"4024.937\"",
    "pretest-remaining_cash": "\"0\"",
    "timing-1-turkId": "\"0\"",
    "timing-1-step": "\"1\"",
    "timing-1-totalTime": "217936",
    "portfolio-1-turk_id": "\"0\"",
    "portfolio-1-step": "\"1\"",
    "portfolio-1-exp_return": "\"146.57999999999998\"",
    "portfolio-1-exp_risk": "\"43.19688839312\"",
    "portfolio-1-starting_cash": "\"10000\"",
    "portfolio-1-a1": "\"1200\"",
    "portfolio-1-a2": "\"4100\"",
    "portfolio-1-a3": "\"1200\"",
    "portfolio-1-a4": "\"1200\"",
    "portfolio-1-a5": "\"2300\"",
    "portfolio-1-remaining_cash": "\"0\"",
    "portfolio-1-stockReturns": "[{\"investment\":1200,\"return\":19.030828010454062},{\"investment\":4100,\"return\":82.21931015180239},{\"investment\":1200,\"return\":22.281071088686495},{\"investment\":1200,\"return\":15.241366426376754},{\"investment\":2300,\"return\":32.850835014177704}]",
    "portfolio-1-startingCash": "10000",
    "portfolio-1-remainingCash": "10171.623410691498",
    "timing-2-turkId": "\"0\"",
    "timing-2-step": "\"2\"",
    "timing-2-totalTime": "101226",
    "portfolio-2-turk_id": "\"0\"",
    "portfolio-2-step": "\"2\"",
    "portfolio-2-exp_return": "\"146.23267199999998\"",
    "portfolio-2-exp_risk": "\"41.52631656144563\"",
    "portfolio-2-starting_cash": "\"10172\"",
    "portfolio-2-a1": "\"2034.4\"",
    "portfolio-2-a2": "\"2644.7199999999993\"",
    "portfolio-2-a3": "\"1627.52\"",
    "portfolio-2-a4": "\"2441.28\"",
    "portfolio-2-a5": "\"1424.08\"",
    "portfolio-2-remaining_cash": "\"0\"",
    "portfolio-2-stockReturns": "[{\"investment\":2034.4,\"return\":22.791088746334314},{\"investment\":2644.7199999999993,\"return\":41.445780468758684},{\"investment\":1627.52,\"return\":21.925829591907963},{\"investment\":2441.28,\"return\":29.68868562661847},{\"investment\":1424.08,\"return\":25.063647874712025}]",
    "portfolio-2-startingCash": "10172",
    "portfolio-2-remainingCash": "10312.915032308332",
    "timing-3-turkId": "\"0\"",
    "timing-3-step": "\"3\"",
    "timing-3-totalTime": "55435",
    "portfolio-3-turk_id": "\"0\"",
    "portfolio-3-step": "\"3\"",
    "portfolio-3-exp_return": "\"153.97309\"",
    "portfolio-3-exp_risk": "\"54.995337247213094\"",
    "portfolio-3-starting_cash": "\"10313\"",
    "portfolio-3-a1": "\"0\"",
    "portfolio-3-a2": "\"0\"",
    "portfolio-3-a3": "\"0\"",
    "portfolio-3-a4": "\"5053.37\"",
    "portfolio-3-a5": "\"5259.63\"",
    "portfolio-3-remaining_cash": "\"0\"",
    "portfolio-3-stockReturns": "[{\"investment\":0,\"return\":0},{\"investment\":0,\"return\":0},{\"investment\":0,\"return\":0},{\"investment\":5053.37,\"return\":65.02991740355452},{\"investment\":5259.63,\"return\":98.35974370913955}]",
    "portfolio-3-startingCash": "10313",
    "portfolio-3-remainingCash": "10476.389661112695",
    "timing-4-turkId": "\"0\"",
    "timing-4-step": "\"4\"",
    "timing-4-totalTime": "25517",
    "portfolio-4-turk_id": "\"0\"",
    "portfolio-4-step": "\"4\"",
    "portfolio-4-exp_return": "\"153.284832\"",
    "portfolio-4-exp_risk": "\"47.700505982890654\"",
    "portfolio-4-starting_cash": "\"10476\"",
    "portfolio-4-a1": "\"0\"",
    "portfolio-4-a2": "\"733.3199999999997\"",
    "portfolio-4-a3": "\"1257.119999999999\"",
    "portfolio-4-a4": "\"4923.72\"",
    "portfolio-4-a5": "\"3561.84\"",
    "portfolio-4-remaining_cash": "\"0\"",
    "portfolio-4-stockReturns": "[{\"investment\":0,\"return\":0},{\"investment\":733.3199999999997,\"return\":8.494276348452752},{\"investment\":1257.119999999999,\"return\":20.94937478333857},{\"investment\":4923.72,\"return\":44.52904643560091},{\"investment\":3561.84,\"return\":52.22333088278074}]",
    "portfolio-4-startingCash": "10476",
    "portfolio-4-remainingCash": "10602.196028450173",
    "timing-5-turkId": "\"0\"",
    "timing-5-step": "\"5\"",
    "timing-5-totalTime": "21450",
    "portfolio-5-turk_id": "\"0\"",
    "portfolio-5-step": "\"5\"",
    "portfolio-5-exp_return": "\"156.30528599999997\"",
    "portfolio-5-exp_risk": "\"50.07307956009256\"",
    "portfolio-5-starting_cash": "\"10602\"",
    "portfolio-5-a1": "\"106.02\"",
    "portfolio-5-a2": "\"530.0999999999985\"",
    "portfolio-5-a3": "\"1272.24\"",
    "portfolio-5-a4": "\"4664.88\"",
    "portfolio-5-a5": "\"4028.76\"",
    "portfolio-5-remaining_cash": "\"0\"",
    "portfolio-5-stockReturns": "[{\"investment\":106.02,\"return\":1.6011651235834519},{\"investment\":530.0999999999985,\"return\":6.534813725745023},{\"investment\":1272.24,\"return\":23.377061507949627},{\"investment\":4664.88,\"return\":79.82082973281577},{\"investment\":4028.76,\"return\":80.65709747087197}]",
    "portfolio-5-startingCash": "10601.999999999998",
    "portfolio-5-remainingCash": "10793.990967560963",
    "qualification-turk_id": "\"0\"",
    "qualification-q1": "\"4\"",
    "qualification-q3": "\"2\"",
    "qualification-q4": "\"3\"",
    "confidence-turk_id": "\"0\"",
    "confidence-q1": "\"5\"",
    "confidence-q2": "\"6\"",
    "confidence-q3": "\"7\"",
    "confidence-q4": "\"6\"",
    "confidence-q5": "\"7\"",
    "financial_literacy-turk_id": "\"0\"",
    "financial_literacy-q1": "\"3\"",
    "financial_literacy-q2": "\"4\"",
    "financial_literacy-q3": "\"3\"",
    "financial_literacy-q4": "\"4\"",
    "financial_literacy-q5": "\"2\"",
    "financial_literacy-q6": "\"2\"",
    "financial_literacy-q7": "\"1\"",
    "financial_literacy-q8": "\"5\"",
    "financial_literacy-q9": "\"2\"",
    "financial_literacy-q10": "\"5\"",
    "need_for_cognition-turk_id": "\"0\"",
    "need_for_cognition-q1": "\"4\"",
    "need_for_cognition-q2": "\"4\"",
    "need_for_cognition-q3": "\"-4\"",
    "need_for_cognition-q4": "\"-2\"",
    "need_for_cognition-q5": "\"-3\"",
    "need_for_cognition-q6": "\"0\"",
    "need_for_cognition-q7": "\"-1\"",
    "need_for_cognition-q8": "\"-3\"",
    "need_for_cognition-q9": "\"-1\"",
    "need_for_cognition-q10": "\"3\"",
    "need_for_cognition-q11": "\"3\"",
    "need_for_cognition-q12": "\"-4\"",
    "need_for_cognition-q13": "\"2\"",
    "need_for_cognition-q14": "\"3\"",
    "need_for_cognition-q15": "\"3\"",
    "need_for_cognition-q16": "\"-2\"",
    "need_for_cognition-q17": "\"-3\"",
    "need_for_cognition-q18": "\"-1\"",
    "feedback-turk_id": "\"0\"",
    "feedback-comments": "\"Very interesting tasks and nice approach of visualizing the risks\/benefits in a graph.\"",
    "workerId": "0",
    "assignmentId": "ASSIGNMENT_ID_NOT_AVAILABLE"
}