{
    "mouseevents-events": null,
    "demographics-turk_id": "\"0\"",
    "demographics-assignment_id": "\"ASSIGNMENT_ID_NOT_AVAILABLE\"",
    "demographics-age": "\"17\"",
    "demographics-gender": "\"F\"",
    "demographics-computer_experience": "\"2\"",
    "demographics-investment_experience": "\"1\"",
    "demographics-interfaceName": "\"no_sa\"",
    "pretest-pretest": "\"2\"",
    "pretest-turk_id": "\"0\"",
    "pretest-step": "\"\"",
    "pretest-exp_return": "\"150.08853192100003\"",
    "pretest-exp_risk": "\"49.05418826058876\"",
    "pretest-starting_cash": "\"10000\"",
    "pretest-a1": "\"54.26591\"",
    "pretest-a2": "\"2482.266\"",
    "pretest-a3": "\"1530.7153\"",
    "pretest-a4": "\"1907.8152\"",
    "pretest-a5": "\"4024.937\"",
    "pretest-remaining_cash": "\"0\"",
    "timing-1-turkId": "\"0\"",
    "timing-1-step": "\"1\"",
    "timing-1-totalTime": "209021",
    "portfolio-1-turk_id": "\"0\"",
    "portfolio-1-step": "\"1\"",
    "portfolio-1-exp_return": "\"145.69\"",
    "portfolio-1-exp_risk": "\"42.31539906132001\"",
    "portfolio-1-starting_cash": "\"10000\"",
    "portfolio-1-a1": "\"600\"",
    "portfolio-1-a2": "\"3500\"",
    "portfolio-1-a3": "\"1900\"",
    "portfolio-1-a4": "\"2000\"",
    "portfolio-1-a5": "\"2000\"",
    "portfolio-1-remaining_cash": "\"0\"",
    "portfolio-1-stockReturns": "[{\"investment\":600,\"return\":7.140465319542354},{\"investment\":3500,\"return\":62.3385303105241},{\"investment\":1900,\"return\":30.4343163433671},{\"investment\":2000,\"return\":22.21115091123374},{\"investment\":2000,\"return\":27.6411100001417}]",
    "portfolio-1-startingCash": "10000",
    "portfolio-1-remainingCash": "10149.76557288481",
    "timing-2-turkId": "\"0\"",
    "timing-2-step": "\"2\"",
    "timing-2-totalTime": "112931",
    "portfolio-2-turk_id": "\"0\"",
    "portfolio-2-step": "\"2\"",
    "portfolio-2-exp_return": "\"147.0126\"",
    "portfolio-2-exp_risk": "\"43.2663282414776\"",
    "portfolio-2-starting_cash": "\"10150\"",
    "portfolio-2-a1": "\"507.5\"",
    "portfolio-2-a2": "\"3146.5\"",
    "portfolio-2-a3": "\"2740.5\"",
    "portfolio-2-a4": "\"2233\"",
    "portfolio-2-a5": "\"1522.5\"",
    "portfolio-2-remaining_cash": "\"0\"",
    "portfolio-2-stockReturns": "[{\"investment\":507.5,\"return\":6.3118661243664755},{\"investment\":3146.5,\"return\":40.73464840409963},{\"investment\":2740.5,\"return\":46.22081454015994},{\"investment\":2233,\"return\":26.793531675557553},{\"investment\":1522.5,\"return\":14.786199893021536}]",
    "portfolio-2-startingCash": "10150",
    "portfolio-2-remainingCash": "10284.847060637205",
    "timing-3-turkId": "\"0\"",
    "timing-3-step": "\"3\"",
    "timing-3-totalTime": "95180",
    "portfolio-3-turk_id": "\"0\"",
    "portfolio-3-step": "\"3\"",
    "portfolio-3-exp_return": "\"146.97265\"",
    "portfolio-3-exp_risk": "\"41.02087183949831\"",
    "portfolio-3-starting_cash": "\"10285\"",
    "portfolio-3-a1": "\"1645.6\"",
    "portfolio-3-a2": "\"2879.800000000001\"",
    "portfolio-3-a3": "\"822.8\"",
    "portfolio-3-a4": "\"3394.0499999999984\"",
    "portfolio-3-a5": "\"1542.75\"",
    "portfolio-3-remaining_cash": "\"0\"",
    "portfolio-3-stockReturns": "[{\"investment\":1645.6,\"return\":28.317289092774885},{\"investment\":2879.800000000001,\"return\":53.982210743619255},{\"investment\":822.8,\"return\":8.222454018071934},{\"investment\":3394.0499999999984,\"return\":27.377371687408598},{\"investment\":1542.75,\"return\":20.590613750386506}]",
    "portfolio-3-startingCash": "10285",
    "portfolio-3-remainingCash": "10423.489939292262",
    "timing-4-turkId": "\"0\"",
    "timing-4-step": "\"4\"",
    "timing-4-totalTime": "62262",
    "portfolio-4-turk_id": "\"0\"",
    "portfolio-4-step": "\"4\"",
    "portfolio-4-exp_return": "\"147.975331\"",
    "portfolio-4-exp_risk": "\"42.909491242678\"",
    "portfolio-4-starting_cash": "\"10423\"",
    "portfolio-4-a1": "\"312.69\"",
    "portfolio-4-a2": "\"4169.2\"",
    "portfolio-4-a3": "\"1250.7600000000002\"",
    "portfolio-4-a4": "\"3648.05\"",
    "portfolio-4-a5": "\"1042.3\"",
    "portfolio-4-remaining_cash": "\"0\"",
    "portfolio-4-stockReturns": "[{\"investment\":312.69,\"return\":2.8586110079817932},{\"investment\":4169.2,\"return\":48.52173449982221},{\"investment\":1250.7600000000002,\"return\":12.546277990176668},{\"investment\":3648.05,\"return\":52.53535453149608},{\"investment\":1042.3,\"return\":26.51980040454604}]",
    "portfolio-4-startingCash": "10423.000000000002",
    "portfolio-4-remainingCash": "10565.981778434025",
    "timing-5-turkId": "\"0\"",
    "timing-5-step": "\"5\"",
    "timing-5-totalTime": "93669",
    "portfolio-5-turk_id": "\"0\"",
    "portfolio-5-step": "\"5\"",
    "portfolio-5-exp_return": "\"158.81754600000002\"",
    "portfolio-5-exp_risk": "\"54.055077013249715\"",
    "portfolio-5-starting_cash": "\"10566\"",
    "portfolio-5-a1": "\"633.9600000000028\"",
    "portfolio-5-a2": "\"2535.84\"",
    "portfolio-5-a3": "\"3064.14\"",
    "portfolio-5-a4": "\"739.619999999999\"",
    "portfolio-5-a5": "\"3592.4399999999996\"",
    "portfolio-5-remaining_cash": "\"0\"",
    "portfolio-5-stockReturns": "[{\"investment\":633.9600000000028,\"return\":13.693152957479647},{\"investment\":2535.84,\"return\":34.26208362430193},{\"investment\":3064.14,\"return\":69.28586610791885},{\"investment\":739.619999999999,\"return\":11.147370790613254},{\"investment\":3592.4399999999996,\"return\":55.45150472555022}]",
    "portfolio-5-startingCash": "10566.000000000002",
    "portfolio-5-remainingCash": "10749.839978205866",
    "qualification-turk_id": "\"0\"",
    "qualification-q1": "\"5\"",
    "qualification-q3": "\"2\"",
    "qualification-q4": "\"3\"",
    "confidence-turk_id": "\"0\"",
    "confidence-q1": "\"4\"",
    "confidence-q2": "\"5\"",
    "confidence-q3": "\"6\"",
    "confidence-q4": "\"3\"",
    "confidence-q5": "\"6\"",
    "financial_literacy-turk_id": "\"0\"",
    "financial_literacy-q1": "\"1\"",
    "financial_literacy-q2": "\"4\"",
    "financial_literacy-q3": "\"3\"",
    "financial_literacy-q4": "\"3\"",
    "financial_literacy-q5": "\"1\"",
    "financial_literacy-q6": "\"2\"",
    "financial_literacy-q7": "\"2\"",
    "financial_literacy-q8": "\"2\"",
    "financial_literacy-q9": "\"1\"",
    "financial_literacy-q10": "\"5\"",
    "need_for_cognition-turk_id": "\"0\"",
    "need_for_cognition-q1": "\"-2\"",
    "need_for_cognition-q2": "\"4\"",
    "need_for_cognition-q3": "\"-3\"",
    "need_for_cognition-q4": "\"-3\"",
    "need_for_cognition-q5": "\"1\"",
    "need_for_cognition-q6": "\"-1\"",
    "need_for_cognition-q7": "\"3\"",
    "need_for_cognition-q8": "\"-2\"",
    "need_for_cognition-q9": "\"1\"",
    "need_for_cognition-q10": "\"3\"",
    "need_for_cognition-q11": "\"2\"",
    "need_for_cognition-q12": "\"-4\"",
    "need_for_cognition-q13": "\"-2\"",
    "need_for_cognition-q14": "\"4\"",
    "need_for_cognition-q15": "\"1\"",
    "need_for_cognition-q16": "\"1\"",
    "need_for_cognition-q17": "\"3\"",
    "need_for_cognition-q18": "\"2\"",
    "feedback-turk_id": "\"0\"",
    "feedback-comments": "\"\"",
    "workerId": "0",
    "assignmentId": "ASSIGNMENT_ID_NOT_AVAILABLE"
}